-- phpMyAdmin SQL Dump
-- version 4.7.9
-- https://www.phpmyadmin.net/
--
-- Host: 127.0.0.1
-- Generation Time: Jan 26, 2020 at 10:52 AM
-- Server version: 10.1.31-MariaDB
-- PHP Version: 7.2.3

SET SQL_MODE = "NO_AUTO_VALUE_ON_ZERO";
SET AUTOCOMMIT = 0;
START TRANSACTION;
SET time_zone = "+00:00";


/*!40101 SET @OLD_CHARACTER_SET_CLIENT=@@CHARACTER_SET_CLIENT */;
/*!40101 SET @OLD_CHARACTER_SET_RESULTS=@@CHARACTER_SET_RESULTS */;
/*!40101 SET @OLD_COLLATION_CONNECTION=@@COLLATION_CONNECTION */;
/*!40101 SET NAMES utf8mb4 */;

--
-- Database: `dev_edu`
--

-- --------------------------------------------------------

--
-- Table structure for table `attendance`
--

CREATE TABLE `attendance` (
  `attendance_id` int(11) NOT NULL,
  `user_id` int(11) NOT NULL,
  `timetable_id` int(11) NOT NULL,
  `date` date NOT NULL,
  `presence` varchar(30) NOT NULL DEFAULT '1',
  `leave_reason_type_id` int(11) DEFAULT NULL,
  `details` varchar(45) DEFAULT NULL
) ENGINE=InnoDB DEFAULT CHARSET=utf8;

--
-- Dumping data for table `attendance`
--

INSERT INTO `attendance` (`attendance_id`, `user_id`, `timetable_id`, `date`, `presence`, `leave_reason_type_id`, `details`) VALUES
(1, 36, 2, '2020-01-07', '1', NULL, NULL),
(2, 37, 2, '2020-01-07', '1', NULL, NULL),
(3, 38, 2, '2020-01-07', '1', NULL, NULL),
(4, 78, 2, '2020-01-07', '1', NULL, NULL),
(5, 98, 2, '2020-01-07', '1', NULL, NULL),
(6, 39, 2, '2020-01-07', '1', NULL, NULL),
(7, 105, 2, '2020-01-07', '1', NULL, NULL),
(8, 94, 2, '2020-01-07', '1', NULL, NULL),
(9, 40, 2, '2020-01-07', '1', NULL, NULL),
(10, 41, 2, '2020-01-07', '1', NULL, NULL),
(11, 42, 2, '2020-01-07', '1', NULL, NULL),
(12, 104, 2, '2020-01-07', '1', NULL, NULL),
(13, 85, 2, '2020-01-07', '1', NULL, NULL),
(14, 43, 2, '2020-01-07', '1', NULL, NULL),
(15, 44, 2, '2020-01-07', '1', NULL, NULL),
(16, 45, 2, '2020-01-07', '1', NULL, NULL),
(17, 100, 2, '2020-01-07', '1', NULL, NULL),
(18, 47, 2, '2020-01-07', '1', NULL, NULL),
(19, 48, 2, '2020-01-07', '1', NULL, NULL),
(20, 95, 2, '2020-01-07', '1', NULL, NULL),
(21, 49, 2, '2020-01-07', '1', NULL, NULL),
(22, 90, 2, '2020-01-07', '1', NULL, NULL),
(23, 96, 2, '2020-01-07', '1', NULL, NULL),
(24, 108, 2, '2020-01-07', '1', NULL, NULL),
(25, 82, 2, '2020-01-07', '1', NULL, NULL),
(26, 80, 2, '2020-01-07', '1', NULL, NULL),
(27, 83, 2, '2020-01-07', '1', NULL, NULL),
(28, 101, 2, '2020-01-07', '1', NULL, NULL),
(29, 50, 2, '2020-01-07', '1', NULL, NULL),
(30, 114, 2, '2020-01-07', '1', NULL, NULL),
(31, 92, 2, '2020-01-07', '1', NULL, NULL),
(32, 51, 2, '2020-01-07', '1', NULL, NULL),
(33, 52, 2, '2020-01-07', '1', NULL, NULL),
(34, 81, 2, '2020-01-07', '1', NULL, NULL),
(35, 77, 2, '2020-01-07', '1', NULL, NULL),
(36, 46, 2, '2020-01-07', '1', NULL, NULL),
(37, 53, 2, '2020-01-07', '1', NULL, NULL),
(38, 54, 2, '2020-01-07', '1', NULL, NULL),
(39, 55, 2, '2020-01-07', '1', NULL, NULL),
(40, 56, 2, '2020-01-07', '1', NULL, NULL),
(41, 97, 2, '2020-01-07', '1', NULL, NULL),
(42, 111, 2, '2020-01-07', '1', NULL, NULL),
(43, 57, 2, '2020-01-07', '1', NULL, NULL),
(44, 112, 2, '2020-01-07', '1', NULL, NULL),
(45, 107, 2, '2020-01-07', '1', NULL, NULL),
(46, 116, 2, '2020-01-07', '1', NULL, NULL),
(47, 59, 2, '2020-01-07', '1', NULL, NULL),
(48, 99, 2, '2020-01-07', '1', NULL, NULL),
(49, 60, 2, '2020-01-07', '1', NULL, NULL),
(50, 61, 2, '2020-01-07', '1', NULL, NULL),
(51, 115, 2, '2020-01-07', '1', NULL, NULL),
(52, 110, 2, '2020-01-07', '1', NULL, NULL),
(53, 58, 2, '2020-01-07', '1', NULL, NULL),
(54, 62, 2, '2020-01-07', '1', NULL, NULL),
(55, 89, 2, '2020-01-07', '1', NULL, NULL),
(56, 109, 2, '2020-01-07', '1', NULL, NULL),
(57, 63, 2, '2020-01-07', '1', NULL, NULL),
(58, 64, 2, '2020-01-07', '1', NULL, NULL),
(59, 65, 2, '2020-01-07', '1', NULL, NULL),
(60, 93, 2, '2020-01-07', '1', NULL, NULL),
(61, 88, 2, '2020-01-07', '1', NULL, NULL),
(62, 84, 2, '2020-01-07', '1', NULL, NULL),
(63, 66, 2, '2020-01-07', '1', NULL, NULL),
(64, 67, 2, '2020-01-07', '1', NULL, NULL),
(65, 68, 2, '2020-01-07', '1', NULL, NULL),
(66, 69, 2, '2020-01-07', '1', NULL, NULL),
(67, 70, 2, '2020-01-07', '1', NULL, NULL),
(68, 103, 2, '2020-01-07', '1', NULL, NULL),
(69, 71, 2, '2020-01-07', '1', NULL, NULL),
(70, 86, 2, '2020-01-07', '1', NULL, NULL),
(71, 79, 2, '2020-01-07', '1', NULL, NULL),
(72, 72, 2, '2020-01-07', '1', NULL, NULL),
(73, 102, 2, '2020-01-07', '1', NULL, NULL),
(74, 73, 2, '2020-01-07', '1', NULL, NULL),
(75, 106, 2, '2020-01-07', '1', NULL, NULL),
(76, 91, 2, '2020-01-07', '1', NULL, NULL),
(77, 113, 2, '2020-01-07', '1', NULL, NULL),
(78, 76, 2, '2020-01-07', '1', NULL, NULL),
(79, 74, 2, '2020-01-07', '1', NULL, NULL),
(80, 75, 2, '2020-01-07', '1', NULL, NULL),
(81, 36, 3, '2020-01-08', '0', NULL, NULL),
(82, 37, 3, '2020-01-08', '0', NULL, NULL),
(83, 38, 3, '2020-01-08', '0', NULL, NULL),
(84, 78, 3, '2020-01-08', '1', NULL, NULL),
(85, 98, 3, '2020-01-08', '1', NULL, NULL),
(86, 39, 3, '2020-01-08', '1', NULL, NULL),
(87, 105, 3, '2020-01-08', '1', NULL, NULL),
(88, 94, 3, '2020-01-08', '1', NULL, NULL),
(89, 40, 3, '2020-01-08', '1', NULL, NULL),
(90, 41, 3, '2020-01-08', '1', NULL, NULL),
(91, 42, 3, '2020-01-08', '1', NULL, NULL),
(92, 104, 3, '2020-01-08', '1', NULL, NULL),
(93, 85, 3, '2020-01-08', '1', NULL, NULL),
(94, 43, 3, '2020-01-08', '1', NULL, NULL),
(95, 44, 3, '2020-01-08', '1', NULL, NULL),
(96, 45, 3, '2020-01-08', '1', NULL, NULL),
(97, 100, 3, '2020-01-08', '1', NULL, NULL),
(98, 47, 3, '2020-01-08', '1', NULL, NULL),
(99, 48, 3, '2020-01-08', '1', NULL, NULL),
(100, 95, 3, '2020-01-08', '1', NULL, NULL),
(101, 49, 3, '2020-01-08', '1', NULL, NULL),
(102, 90, 3, '2020-01-08', '1', NULL, NULL),
(103, 96, 3, '2020-01-08', '1', NULL, NULL),
(104, 108, 3, '2020-01-08', '1', NULL, NULL),
(105, 82, 3, '2020-01-08', '1', NULL, NULL),
(106, 80, 3, '2020-01-08', '1', NULL, NULL),
(107, 83, 3, '2020-01-08', '1', NULL, NULL),
(108, 101, 3, '2020-01-08', '1', NULL, NULL),
(109, 50, 3, '2020-01-08', '1', NULL, NULL),
(110, 114, 3, '2020-01-08', '1', NULL, NULL),
(111, 92, 3, '2020-01-08', '1', NULL, NULL),
(112, 51, 3, '2020-01-08', '1', NULL, NULL),
(113, 52, 3, '2020-01-08', '1', NULL, NULL),
(114, 81, 3, '2020-01-08', '1', NULL, NULL),
(115, 77, 3, '2020-01-08', '1', NULL, NULL),
(116, 46, 3, '2020-01-08', '1', NULL, NULL),
(117, 53, 3, '2020-01-08', '1', NULL, NULL),
(118, 54, 3, '2020-01-08', '1', NULL, NULL),
(119, 55, 3, '2020-01-08', '1', NULL, NULL),
(120, 56, 3, '2020-01-08', '1', NULL, NULL),
(121, 97, 3, '2020-01-08', '1', NULL, NULL),
(122, 111, 3, '2020-01-08', '1', NULL, NULL),
(123, 57, 3, '2020-01-08', '1', NULL, NULL),
(124, 112, 3, '2020-01-08', '1', NULL, NULL),
(125, 107, 3, '2020-01-08', '1', NULL, NULL),
(126, 116, 3, '2020-01-08', '1', NULL, NULL),
(127, 59, 3, '2020-01-08', '1', NULL, NULL),
(128, 99, 3, '2020-01-08', '1', NULL, NULL),
(129, 60, 3, '2020-01-08', '1', NULL, NULL),
(130, 61, 3, '2020-01-08', '1', NULL, NULL),
(131, 115, 3, '2020-01-08', '1', NULL, NULL),
(132, 110, 3, '2020-01-08', '1', NULL, NULL),
(133, 58, 3, '2020-01-08', '1', NULL, NULL),
(134, 62, 3, '2020-01-08', '1', NULL, NULL),
(135, 89, 3, '2020-01-08', '1', NULL, NULL),
(136, 109, 3, '2020-01-08', '1', NULL, NULL),
(137, 63, 3, '2020-01-08', '1', NULL, NULL),
(138, 64, 3, '2020-01-08', '1', NULL, NULL),
(139, 65, 3, '2020-01-08', '1', NULL, NULL),
(140, 93, 3, '2020-01-08', '1', NULL, NULL),
(141, 88, 3, '2020-01-08', '1', NULL, NULL),
(142, 84, 3, '2020-01-08', '1', NULL, NULL),
(143, 66, 3, '2020-01-08', '1', NULL, NULL),
(144, 67, 3, '2020-01-08', '1', NULL, NULL),
(145, 68, 3, '2020-01-08', '1', NULL, NULL),
(146, 69, 3, '2020-01-08', '1', NULL, NULL),
(147, 70, 3, '2020-01-08', '1', NULL, NULL),
(148, 103, 3, '2020-01-08', '1', NULL, NULL),
(149, 71, 3, '2020-01-08', '1', NULL, NULL),
(150, 86, 3, '2020-01-08', '1', NULL, NULL),
(151, 79, 3, '2020-01-08', '1', NULL, NULL),
(152, 72, 3, '2020-01-08', '1', NULL, NULL),
(153, 102, 3, '2020-01-08', '1', NULL, NULL),
(154, 73, 3, '2020-01-08', '1', NULL, NULL),
(155, 106, 3, '2020-01-08', '1', NULL, NULL),
(156, 91, 3, '2020-01-08', '1', NULL, NULL),
(157, 113, 3, '2020-01-08', '1', NULL, NULL),
(158, 76, 3, '2020-01-08', '1', NULL, NULL),
(159, 74, 3, '2020-01-08', '1', NULL, NULL),
(160, 75, 3, '2020-01-08', '1', NULL, NULL),
(161, 36, 4, '2020-01-09', '1', NULL, NULL),
(162, 37, 4, '2020-01-09', '1', NULL, NULL),
(163, 38, 4, '2020-01-09', '1', NULL, NULL),
(164, 78, 4, '2020-01-09', '1', NULL, NULL),
(165, 98, 4, '2020-01-09', '1', NULL, NULL),
(166, 39, 4, '2020-01-09', '1', NULL, NULL),
(167, 105, 4, '2020-01-09', '1', NULL, NULL),
(168, 94, 4, '2020-01-09', '1', NULL, NULL),
(169, 40, 4, '2020-01-09', '1', NULL, NULL),
(170, 41, 4, '2020-01-09', '1', NULL, NULL),
(171, 42, 4, '2020-01-09', '0', NULL, NULL),
(172, 104, 4, '2020-01-09', '0', NULL, NULL),
(173, 85, 4, '2020-01-09', '0', NULL, NULL),
(174, 43, 4, '2020-01-09', '0', NULL, NULL),
(175, 44, 4, '2020-01-09', '0', NULL, NULL),
(176, 45, 4, '2020-01-09', '0', NULL, NULL),
(177, 100, 4, '2020-01-09', '0', NULL, NULL),
(178, 47, 4, '2020-01-09', '0', NULL, NULL),
(179, 48, 4, '2020-01-09', '0', NULL, NULL),
(180, 95, 4, '2020-01-09', '0', NULL, NULL),
(181, 49, 4, '2020-01-09', '0', NULL, NULL),
(182, 90, 4, '2020-01-09', '0', NULL, NULL),
(183, 96, 4, '2020-01-09', '0', NULL, NULL),
(184, 108, 4, '2020-01-09', '0', NULL, NULL),
(185, 82, 4, '2020-01-09', '0', NULL, NULL),
(186, 80, 4, '2020-01-09', '0', NULL, NULL),
(187, 83, 4, '2020-01-09', '0', NULL, NULL),
(188, 101, 4, '2020-01-09', '0', NULL, NULL),
(189, 50, 4, '2020-01-09', '0', NULL, NULL),
(190, 114, 4, '2020-01-09', '0', NULL, NULL),
(191, 92, 4, '2020-01-09', '0', NULL, NULL),
(192, 51, 4, '2020-01-09', '0', NULL, NULL),
(193, 52, 4, '2020-01-09', '0', NULL, NULL),
(194, 81, 4, '2020-01-09', '0', NULL, NULL),
(195, 77, 4, '2020-01-09', '0', NULL, NULL),
(196, 46, 4, '2020-01-09', '0', NULL, NULL),
(197, 53, 4, '2020-01-09', '0', NULL, NULL),
(198, 54, 4, '2020-01-09', '0', NULL, NULL),
(199, 55, 4, '2020-01-09', '0', NULL, NULL),
(200, 56, 4, '2020-01-09', '0', NULL, NULL),
(201, 97, 4, '2020-01-09', '0', NULL, NULL),
(202, 111, 4, '2020-01-09', '0', NULL, NULL),
(203, 57, 4, '2020-01-09', '0', NULL, NULL),
(204, 112, 4, '2020-01-09', '0', NULL, NULL),
(205, 107, 4, '2020-01-09', '0', NULL, NULL),
(206, 116, 4, '2020-01-09', '1', NULL, NULL),
(207, 59, 4, '2020-01-09', '1', NULL, NULL),
(208, 99, 4, '2020-01-09', '1', NULL, NULL),
(209, 60, 4, '2020-01-09', '1', NULL, NULL),
(210, 61, 4, '2020-01-09', '1', NULL, NULL),
(211, 115, 4, '2020-01-09', '1', NULL, NULL),
(212, 110, 4, '2020-01-09', '1', NULL, NULL),
(213, 58, 4, '2020-01-09', '1', NULL, NULL),
(214, 62, 4, '2020-01-09', '1', NULL, NULL),
(215, 89, 4, '2020-01-09', '1', NULL, NULL),
(216, 109, 4, '2020-01-09', '1', NULL, NULL),
(217, 63, 4, '2020-01-09', '1', NULL, NULL),
(218, 64, 4, '2020-01-09', '1', NULL, NULL),
(219, 65, 4, '2020-01-09', '1', NULL, NULL),
(220, 93, 4, '2020-01-09', '1', NULL, NULL),
(221, 88, 4, '2020-01-09', '1', NULL, NULL),
(222, 84, 4, '2020-01-09', '1', NULL, NULL),
(223, 66, 4, '2020-01-09', '1', NULL, NULL),
(224, 67, 4, '2020-01-09', '1', NULL, NULL),
(225, 68, 4, '2020-01-09', '1', NULL, NULL),
(226, 69, 4, '2020-01-09', '1', NULL, NULL),
(227, 70, 4, '2020-01-09', '1', NULL, NULL),
(228, 103, 4, '2020-01-09', '1', NULL, NULL),
(229, 71, 4, '2020-01-09', '1', NULL, NULL),
(230, 86, 4, '2020-01-09', '1', NULL, NULL),
(231, 79, 4, '2020-01-09', '1', NULL, NULL),
(232, 72, 4, '2020-01-09', '1', NULL, NULL),
(233, 102, 4, '2020-01-09', '1', NULL, NULL),
(234, 73, 4, '2020-01-09', '1', NULL, NULL),
(235, 106, 4, '2020-01-09', '1', NULL, NULL),
(236, 91, 4, '2020-01-09', '1', NULL, NULL),
(237, 113, 4, '2020-01-09', '1', NULL, NULL),
(238, 76, 4, '2020-01-09', '1', NULL, NULL),
(239, 74, 4, '2020-01-09', '1', NULL, NULL),
(240, 75, 4, '2020-01-09', '1', NULL, NULL);

-- --------------------------------------------------------

--
-- Table structure for table `batch_year`
--

CREATE TABLE `batch_year` (
  `batch_year_id` int(11) NOT NULL,
  `course_batch_id` int(11) DEFAULT NULL,
  `batch_year` int(1) DEFAULT '1',
  `no_of_working_days` int(3) DEFAULT NULL,
  `start_date` date DEFAULT NULL,
  `end_date` date DEFAULT NULL,
  `syllabus_id` int(11) DEFAULT NULL,
  `syllabus_file_name` varchar(60) DEFAULT NULL
) ENGINE=InnoDB DEFAULT CHARSET=utf8;

--
-- Dumping data for table `batch_year`
--

INSERT INTO `batch_year` (`batch_year_id`, `course_batch_id`, `batch_year`, `no_of_working_days`, `start_date`, `end_date`, `syllabus_id`, `syllabus_file_name`) VALUES
(1, 5, 1, 0, '2016-10-05', '2017-09-30', NULL, NULL),
(2, 5, 2, 0, '2017-10-05', '2018-09-30', NULL, NULL),
(3, 5, 3, 0, '2018-10-05', '2019-09-30', NULL, NULL),
(4, 5, 4, 0, '2019-10-05', '2020-10-31', NULL, NULL),
(5, 6, 1, 0, '2017-10-05', '2018-09-30', NULL, NULL),
(6, 6, 2, 0, '2018-10-05', '2019-09-30', NULL, NULL),
(7, 6, 3, 0, '2019-10-05', '2020-09-30', NULL, NULL),
(8, 6, 4, 0, '2020-10-05', '2021-10-31', NULL, NULL),
(9, 7, 1, 0, '2018-10-05', '2019-09-30', NULL, NULL),
(10, 7, 2, 0, '2019-10-05', '2020-09-30', NULL, NULL),
(11, 7, 3, 0, '2020-10-05', '2021-09-30', NULL, NULL),
(12, 7, 4, 0, '2021-10-05', '2022-10-31', NULL, NULL),
(13, 8, 1, 0, '2019-10-05', '2020-09-30', NULL, NULL),
(14, 8, 2, 0, '2020-10-05', '2021-09-30', NULL, NULL),
(15, 8, 3, 0, '2021-10-05', '2022-09-30', NULL, NULL),
(16, 8, 4, 0, '2022-10-05', '2023-10-31', NULL, NULL),
(17, 3, 1, 0, '2018-10-05', '2019-09-30', NULL, NULL),
(18, 3, 2, 0, '2019-10-05', '2020-10-31', NULL, NULL),
(19, 4, 1, 0, '2019-10-05', '2020-09-30', NULL, NULL),
(20, 4, 2, 0, '2020-10-05', '2021-10-31', NULL, NULL),
(21, 11, 1, 0, '2018-10-03', '2019-09-30', NULL, NULL),
(22, 11, 2, 0, '2019-10-03', '2020-10-31', NULL, NULL),
(23, 1, 1, 0, '2019-10-02', '2020-09-30', NULL, NULL),
(24, 1, 2, 0, '2020-10-02', '2021-10-30', NULL, NULL),
(25, 13, 1, 0, '2018-10-03', '2019-09-30', NULL, NULL),
(26, 13, 2, 0, '2019-10-03', '2020-10-31', NULL, NULL),
(27, 12, 1, 0, '2019-10-02', '2020-09-30', NULL, NULL),
(28, 12, 2, 0, '2020-10-02', '2021-10-30', NULL, NULL),
(29, 15, 1, 0, '2018-10-03', '2019-09-30', NULL, NULL),
(30, 15, 2, 0, '2019-10-03', '2020-10-31', NULL, NULL),
(31, 14, 1, 0, '2019-10-02', '2020-09-30', NULL, NULL),
(32, 14, 2, 0, '2020-10-02', '2021-10-30', NULL, NULL),
(33, 17, 1, 0, '2018-10-03', '2019-09-30', NULL, NULL),
(34, 17, 2, 0, '2019-10-03', '2020-10-31', NULL, NULL),
(35, 16, 1, 0, '2019-10-02', '2020-09-30', NULL, NULL),
(36, 16, 2, 0, '2020-10-02', '2021-10-30', NULL, NULL),
(37, 9, 1, 0, '2018-10-03', '2019-09-30', NULL, NULL),
(38, 9, 2, 0, '2019-10-03', '2020-10-31', NULL, NULL),
(39, 10, 1, 0, '2019-10-03', '2020-09-30', NULL, NULL),
(40, 10, 2, 0, '2020-10-03', '2021-10-31', NULL, NULL),
(41, 18, 1, 0, '2017-09-02', '2018-08-30', NULL, NULL),
(42, 18, 2, 0, '2018-09-02', '2019-08-30', NULL, NULL),
(43, 18, 3, 0, '2019-09-02', '2020-08-30', NULL, NULL),
(44, 19, 1, 0, '2018-09-02', '2019-08-30', NULL, NULL),
(45, 19, 2, 0, '2019-09-02', '2020-08-30', NULL, NULL),
(46, 19, 3, 0, '2020-09-02', '2021-08-30', NULL, NULL),
(47, 2, 1, 0, '2019-09-03', '2020-08-30', NULL, NULL),
(48, 2, 2, 0, '2020-09-03', '2021-08-30', NULL, NULL),
(49, 2, 3, 0, '2021-09-03', '2022-08-30', NULL, NULL),
(50, 20, 1, 0, '2017-09-02', '2018-08-30', NULL, NULL),
(51, 20, 2, 0, '2018-09-02', '2019-08-30', NULL, NULL),
(52, 20, 3, 0, '2019-09-02', '2020-08-30', NULL, NULL),
(53, 21, 1, 0, '2018-09-02', '2019-08-30', NULL, NULL),
(54, 21, 2, 0, '2019-09-02', '2020-08-30', NULL, NULL),
(55, 21, 3, 0, '2020-09-02', '2021-08-30', NULL, NULL),
(56, 22, 1, 0, '2019-09-03', '2020-08-30', NULL, NULL),
(57, 22, 2, 0, '2020-09-03', '2021-08-30', NULL, NULL),
(58, 22, 3, 0, '2021-09-03', '2022-08-30', NULL, NULL);

-- --------------------------------------------------------

--
-- Table structure for table `blood_group`
--

CREATE TABLE `blood_group` (
  `blood_group_id` int(11) NOT NULL,
  `blood_group` varchar(45) NOT NULL
) ENGINE=InnoDB DEFAULT CHARSET=utf8;

--
-- Dumping data for table `blood_group`
--

INSERT INTO `blood_group` (`blood_group_id`, `blood_group`) VALUES
(1, 'A+'),
(2, 'A-'),
(3, 'B+'),
(4, 'B-'),
(5, 'O+'),
(6, 'O-'),
(7, 'AB+'),
(8, 'AB-');

-- --------------------------------------------------------

--
-- Table structure for table `ci_sessions`
--

CREATE TABLE `ci_sessions` (
  `id` varchar(128) NOT NULL,
  `ip_address` varchar(45) NOT NULL,
  `timestamp` int(10) UNSIGNED NOT NULL DEFAULT '0',
  `data` blob NOT NULL
) ENGINE=InnoDB DEFAULT CHARSET=utf8;

--
-- Dumping data for table `ci_sessions`
--

INSERT INTO `ci_sessions` (`id`, `ip_address`, `timestamp`, `data`) VALUES
('0i6ikvtn3o7bgp9a227sbf46ja87kg97', '::1', 1580020238, 0x5f5f63695f6c6173745f726567656e65726174657c693a313538303032303233383b7573657249647c733a313a2236223b66697273744e616d657c733a353a2241646d696e223b6c6173744e616d657c733a353a2241646d696e223b756e6971756549647c733a363a22353432303839223b75736572547970657c733a353a2241646d696e223b757365725479706549647c733a313a2231223b70726f66696c65496d67506174687c733a34303a226173736574732f696d616765732f617661746172732f64656661756c745f6176617461722e6a7067223b6c6f676765645f696e7c623a313b),
('18fs5uge74uql7i59mrcno3io6brfio1', '::1', 1580025167, 0x5f5f63695f6c6173745f726567656e65726174657c693a313538303032353136373b7573657249647c733a313a2236223b66697273744e616d657c733a353a2241646d696e223b6c6173744e616d657c733a353a2241646d696e223b756e6971756549647c733a363a22353432303839223b75736572547970657c733a353a2241646d696e223b757365725479706549647c733a313a2231223b70726f66696c65496d67506174687c733a34303a226173736574732f696d616765732f617661746172732f64656661756c745f6176617461722e6a7067223b6c6f676765645f696e7c623a313b),
('193rjt3p62futhga77frf1h0i4ajqq66', '::1', 1580019887, 0x5f5f63695f6c6173745f726567656e65726174657c693a313538303031393838373b7573657249647c733a313a2236223b66697273744e616d657c733a353a2241646d696e223b6c6173744e616d657c733a353a2241646d696e223b756e6971756549647c733a363a22353432303839223b75736572547970657c733a353a2241646d696e223b757365725479706549647c733a313a2231223b70726f66696c65496d67506174687c733a34303a226173736574732f696d616765732f617661746172732f64656661756c745f6176617461722e6a7067223b6c6f676765645f696e7c623a313b),
('1ascpicoa5352s4j60ui9nd4nja366f4', '::1', 1579881044, 0x5f5f63695f6c6173745f726567656e65726174657c693a313537393838313034343b7573657249647c733a313a2236223b66697273744e616d657c733a353a2241646d696e223b6c6173744e616d657c733a353a2241646d696e223b756e6971756549647c733a363a22353432303839223b75736572547970657c733a353a2241646d696e223b757365725479706549647c733a313a2231223b70726f66696c65496d67506174687c733a34303a226173736574732f696d616765732f617661746172732f64656661756c745f6176617461722e6a7067223b6c6f676765645f696e7c623a313b),
('27h10pq655o4rlksb7q8j2dnnlripa18', '::1', 1579928526, 0x5f5f63695f6c6173745f726567656e65726174657c693a313537393932383339363b7573657249647c733a313a2236223b66697273744e616d657c733a353a2241646d696e223b6c6173744e616d657c733a353a2241646d696e223b756e6971756549647c733a363a22353432303839223b75736572547970657c733a353a2241646d696e223b757365725479706549647c733a313a2231223b70726f66696c65496d67506174687c733a34303a226173736574732f696d616765732f617661746172732f64656661756c745f6176617461722e6a7067223b6c6f676765645f696e7c623a313b),
('3ap52vdmbbvdjsdq71rh4i0ugvk14rl9', '::1', 1579921160, 0x5f5f63695f6c6173745f726567656e65726174657c693a313537393932313136303b7573657249647c733a313a2236223b66697273744e616d657c733a353a2241646d696e223b6c6173744e616d657c733a353a2241646d696e223b756e6971756549647c733a363a22353432303839223b75736572547970657c733a353a2241646d696e223b757365725479706549647c733a313a2231223b70726f66696c65496d67506174687c733a34303a226173736574732f696d616765732f617661746172732f64656661756c745f6176617461722e6a7067223b6c6f676765645f696e7c623a313b),
('3h47394e1jl7favl486klbns7u58e412', '::1', 1579919822, 0x5f5f63695f6c6173745f726567656e65726174657c693a313537393931393832323b7573657249647c733a313a2236223b66697273744e616d657c733a353a2241646d696e223b6c6173744e616d657c733a353a2241646d696e223b756e6971756549647c733a363a22353432303839223b75736572547970657c733a353a2241646d696e223b757365725479706549647c733a313a2231223b70726f66696c65496d67506174687c733a34303a226173736574732f696d616765732f617661746172732f64656661756c745f6176617461722e6a7067223b6c6f676765645f696e7c623a313b),
('46ub44jctjm5cp2otn0p87h21dreum8g', '::1', 1579921801, 0x5f5f63695f6c6173745f726567656e65726174657c693a313537393932313830313b7573657249647c733a313a2236223b66697273744e616d657c733a353a2241646d696e223b6c6173744e616d657c733a353a2241646d696e223b756e6971756549647c733a363a22353432303839223b75736572547970657c733a353a2241646d696e223b757365725479706549647c733a313a2231223b70726f66696c65496d67506174687c733a34303a226173736574732f696d616765732f617661746172732f64656661756c745f6176617461722e6a7067223b6c6f676765645f696e7c623a313b),
('4t3rn8ae95tgtbk1069g203sfjmoi1pn', '::1', 1580013040, 0x5f5f63695f6c6173745f726567656e65726174657c693a313538303031333034303b7573657249647c733a313a2236223b66697273744e616d657c733a353a2241646d696e223b6c6173744e616d657c733a353a2241646d696e223b756e6971756549647c733a363a22353432303839223b75736572547970657c733a353a2241646d696e223b757365725479706549647c733a313a2231223b70726f66696c65496d67506174687c733a34303a226173736574732f696d616765732f617661746172732f64656661756c745f6176617461722e6a7067223b6c6f676765645f696e7c623a313b),
('5jij4rf8t9llnjh0f8rnmb0tpaq7u56t', '::1', 1579885974, 0x5f5f63695f6c6173745f726567656e65726174657c693a313537393838353937343b7573657249647c733a313a2236223b66697273744e616d657c733a353a2241646d696e223b6c6173744e616d657c733a353a2241646d696e223b756e6971756549647c733a363a22353432303839223b75736572547970657c733a353a2241646d696e223b757365725479706549647c733a313a2231223b70726f66696c65496d67506174687c733a34303a226173736574732f696d616765732f617661746172732f64656661756c745f6176617461722e6a7067223b6c6f676765645f696e7c623a313b),
('5kp8p3lj3t9eurbfdg78v9cg9qs8kl27', '::1', 1579923964, 0x5f5f63695f6c6173745f726567656e65726174657c693a313537393932333936343b7573657249647c733a313a2236223b66697273744e616d657c733a353a2241646d696e223b6c6173744e616d657c733a353a2241646d696e223b756e6971756549647c733a363a22353432303839223b75736572547970657c733a353a2241646d696e223b757365725479706549647c733a313a2231223b70726f66696c65496d67506174687c733a34303a226173736574732f696d616765732f617661746172732f64656661756c745f6176617461722e6a7067223b6c6f676765645f696e7c623a313b),
('5notbt0n8r08sajhj2qaa3h4gcqaqdrh', '::1', 1580010089, 0x5f5f63695f6c6173745f726567656e65726174657c693a313538303031303038393b),
('6630b17vumpd5bce5loli7dufdlb03fk', '::1', 1580016275, 0x5f5f63695f6c6173745f726567656e65726174657c693a313538303031363237353b7573657249647c733a313a2236223b66697273744e616d657c733a353a2241646d696e223b6c6173744e616d657c733a353a2241646d696e223b756e6971756549647c733a363a22353432303839223b75736572547970657c733a353a2241646d696e223b757365725479706549647c733a313a2231223b70726f66696c65496d67506174687c733a34303a226173736574732f696d616765732f617661746172732f64656661756c745f6176617461722e6a7067223b6c6f676765645f696e7c623a313b),
('6cmsflb21cd9484kgtdhl5mp90cjm980', '::1', 1579889960, 0x5f5f63695f6c6173745f726567656e65726174657c693a313537393838393936303b7573657249647c733a313a2236223b66697273744e616d657c733a353a2241646d696e223b6c6173744e616d657c733a353a2241646d696e223b756e6971756549647c733a363a22353432303839223b75736572547970657c733a353a2241646d696e223b757365725479706549647c733a313a2231223b70726f66696c65496d67506174687c733a34303a226173736574732f696d616765732f617661746172732f64656661756c745f6176617461722e6a7067223b6c6f676765645f696e7c623a313b),
('6selt19b2gferom5f7n2b2ol518veopj', '::1', 1579923337, 0x5f5f63695f6c6173745f726567656e65726174657c693a313537393932333333373b7573657249647c733a313a2236223b66697273744e616d657c733a353a2241646d696e223b6c6173744e616d657c733a353a2241646d696e223b756e6971756549647c733a363a22353432303839223b75736572547970657c733a353a2241646d696e223b757365725479706549647c733a313a2231223b70726f66696c65496d67506174687c733a34303a226173736574732f696d616765732f617661746172732f64656661756c745f6176617461722e6a7067223b6c6f676765645f696e7c623a313b),
('7ehb5ltcui56mjlii4vdir4tr7meg0om', '::1', 1580014057, 0x5f5f63695f6c6173745f726567656e65726174657c693a313538303031343035373b7573657249647c733a313a2236223b66697273744e616d657c733a353a2241646d696e223b6c6173744e616d657c733a353a2241646d696e223b756e6971756549647c733a363a22353432303839223b75736572547970657c733a353a2241646d696e223b757365725479706549647c733a313a2231223b70726f66696c65496d67506174687c733a34303a226173736574732f696d616765732f617661746172732f64656661756c745f6176617461722e6a7067223b6c6f676765645f696e7c623a313b),
('7hl9mo47r84u4alus25rp4oamo74du2t', '::1', 1579878174, 0x5f5f63695f6c6173745f726567656e65726174657c693a313537393837383137343b7573657249647c733a313a2236223b66697273744e616d657c733a353a2241646d696e223b6c6173744e616d657c733a353a2241646d696e223b756e6971756549647c733a363a22353432303839223b75736572547970657c733a353a2241646d696e223b757365725479706549647c733a313a2231223b70726f66696c65496d67506174687c733a34303a226173736574732f696d616765732f617661746172732f64656661756c745f6176617461722e6a7067223b6c6f676765645f696e7c623a313b),
('7jqdfqbolpj19es3a39f4naudc27eqvo', '::1', 1579922159, 0x5f5f63695f6c6173745f726567656e65726174657c693a313537393932323135393b7573657249647c733a313a2236223b66697273744e616d657c733a353a2241646d696e223b6c6173744e616d657c733a353a2241646d696e223b756e6971756549647c733a363a22353432303839223b75736572547970657c733a353a2241646d696e223b757365725479706549647c733a313a2231223b70726f66696c65496d67506174687c733a34303a226173736574732f696d616765732f617661746172732f64656661756c745f6176617461722e6a7067223b6c6f676765645f696e7c623a313b),
('8fd4rq8tmvcbdc428lsdlp2cbjmmur8b', '::1', 1579884139, 0x5f5f63695f6c6173745f726567656e65726174657c693a313537393838343133393b7573657249647c733a313a2236223b66697273744e616d657c733a353a2241646d696e223b6c6173744e616d657c733a353a2241646d696e223b756e6971756549647c733a363a22353432303839223b75736572547970657c733a353a2241646d696e223b757365725479706549647c733a313a2231223b70726f66696c65496d67506174687c733a34303a226173736574732f696d616765732f617661746172732f64656661756c745f6176617461722e6a7067223b6c6f676765645f696e7c623a313b),
('8hok2rvjbbl641l6ma740mp2oceklu3n', '::1', 1579925722, 0x5f5f63695f6c6173745f726567656e65726174657c693a313537393932353732323b7573657249647c733a313a2236223b66697273744e616d657c733a353a2241646d696e223b6c6173744e616d657c733a353a2241646d696e223b756e6971756549647c733a363a22353432303839223b75736572547970657c733a353a2241646d696e223b757365725479706549647c733a313a2231223b70726f66696c65496d67506174687c733a34303a226173736574732f696d616765732f617661746172732f64656661756c745f6176617461722e6a7067223b6c6f676765645f696e7c623a313b),
('8kdkkfistj9f02bgu4vfkei870qmkhua', '::1', 1579920144, 0x5f5f63695f6c6173745f726567656e65726174657c693a313537393932303134343b7573657249647c733a313a2236223b66697273744e616d657c733a353a2241646d696e223b6c6173744e616d657c733a353a2241646d696e223b756e6971756549647c733a363a22353432303839223b75736572547970657c733a353a2241646d696e223b757365725479706549647c733a313a2231223b70726f66696c65496d67506174687c733a34303a226173736574732f696d616765732f617661746172732f64656661756c745f6176617461722e6a7067223b6c6f676765645f696e7c623a313b),
('8ure5p98kg55f43qg597ks6ltkm1bgf4', '::1', 1579868594, 0x5f5f63695f6c6173745f726567656e65726174657c693a313537393836383539343b7573657249647c733a313a2236223b66697273744e616d657c733a353a2241646d696e223b6c6173744e616d657c733a353a2241646d696e223b756e6971756549647c733a363a22353432303839223b75736572547970657c733a353a2241646d696e223b757365725479706549647c733a313a2231223b70726f66696c65496d67506174687c733a34303a226173736574732f696d616765732f617661746172732f64656661756c745f6176617461722e6a7067223b6c6f676765645f696e7c623a313b),
('941hbj71bsclk7n0dgsrk10mvjsrjl4d', '::1', 1580014430, 0x5f5f63695f6c6173745f726567656e65726174657c693a313538303031343433303b7573657249647c733a313a2236223b66697273744e616d657c733a353a2241646d696e223b6c6173744e616d657c733a353a2241646d696e223b756e6971756549647c733a363a22353432303839223b75736572547970657c733a353a2241646d696e223b757365725479706549647c733a313a2231223b70726f66696c65496d67506174687c733a34303a226173736574732f696d616765732f617661746172732f64656661756c745f6176617461722e6a7067223b6c6f676765645f696e7c623a313b),
('9ut5sfj9mglve6eeqstgd79demiqo4bg', '::1', 1579884445, 0x5f5f63695f6c6173745f726567656e65726174657c693a313537393838343434353b7573657249647c733a313a2236223b66697273744e616d657c733a353a2241646d696e223b6c6173744e616d657c733a353a2241646d696e223b756e6971756549647c733a363a22353432303839223b75736572547970657c733a353a2241646d696e223b757365725479706549647c733a313a2231223b70726f66696c65496d67506174687c733a34303a226173736574732f696d616765732f617661746172732f64656661756c745f6176617461722e6a7067223b6c6f676765645f696e7c623a313b),
('a4p0q0tsi66d3r4ip894vmf3m266872t', '::1', 1579926464, 0x5f5f63695f6c6173745f726567656e65726174657c693a313537393932363436343b7573657249647c733a313a2236223b66697273744e616d657c733a353a2241646d696e223b6c6173744e616d657c733a353a2241646d696e223b756e6971756549647c733a363a22353432303839223b75736572547970657c733a353a2241646d696e223b757365725479706549647c733a313a2231223b70726f66696c65496d67506174687c733a34303a226173736574732f696d616765732f617661746172732f64656661756c745f6176617461722e6a7067223b6c6f676765645f696e7c623a313b),
('amfcvtasqi30peuhoimbibsdttct7dn5', '::1', 1579883837, 0x5f5f63695f6c6173745f726567656e65726174657c693a313537393838333833373b7573657249647c733a313a2236223b66697273744e616d657c733a353a2241646d696e223b6c6173744e616d657c733a353a2241646d696e223b756e6971756549647c733a363a22353432303839223b75736572547970657c733a353a2241646d696e223b757365725479706549647c733a313a2231223b70726f66696c65496d67506174687c733a34303a226173736574732f696d616765732f617661746172732f64656661756c745f6176617461722e6a7067223b6c6f676765645f696e7c623a313b),
('avrslnfq4drfhot8flag5jl2tadrp05u', '::1', 1579880612, 0x5f5f63695f6c6173745f726567656e65726174657c693a313537393838303631323b7573657249647c733a313a2236223b66697273744e616d657c733a353a2241646d696e223b6c6173744e616d657c733a353a2241646d696e223b756e6971756549647c733a363a22353432303839223b75736572547970657c733a353a2241646d696e223b757365725479706549647c733a313a2231223b70726f66696c65496d67506174687c733a34303a226173736574732f696d616765732f617661746172732f64656661756c745f6176617461722e6a7067223b6c6f676765645f696e7c623a313b),
('b6nehjrbjp3lnkiqfh88ki1p70amsqnv', '::1', 1579889256, 0x5f5f63695f6c6173745f726567656e65726174657c693a313537393838393235363b7573657249647c733a313a2236223b66697273744e616d657c733a353a2241646d696e223b6c6173744e616d657c733a353a2241646d696e223b756e6971756549647c733a363a22353432303839223b75736572547970657c733a353a2241646d696e223b757365725479706549647c733a313a2231223b70726f66696c65496d67506174687c733a34303a226173736574732f696d616765732f617661746172732f64656661756c745f6176617461722e6a7067223b6c6f676765645f696e7c623a313b),
('c9kcjf48st3982g3mlrp8i302c13m4tp', '::1', 1579961783, 0x5f5f63695f6c6173745f726567656e65726174657c693a313537393936313738333b7573657249647c733a313a2236223b66697273744e616d657c733a353a2241646d696e223b6c6173744e616d657c733a353a2241646d696e223b756e6971756549647c733a363a22353432303839223b75736572547970657c733a353a2241646d696e223b757365725479706549647c733a313a2231223b70726f66696c65496d67506174687c733a34303a226173736574732f696d616765732f617661746172732f64656661756c745f6176617461722e6a7067223b6c6f676765645f696e7c623a313b),
('cnqa4fqtq3n1gcbeh07g86jgl9aitsam', '::1', 1579875148, 0x5f5f63695f6c6173745f726567656e65726174657c693a313537393837353134383b7573657249647c733a313a2236223b66697273744e616d657c733a353a2241646d696e223b6c6173744e616d657c733a353a2241646d696e223b756e6971756549647c733a363a22353432303839223b75736572547970657c733a353a2241646d696e223b757365725479706549647c733a313a2231223b70726f66696c65496d67506174687c733a34303a226173736574732f696d616765732f617661746172732f64656661756c745f6176617461722e6a7067223b6c6f676765645f696e7c623a313b),
('d5h544fctmc01prf6f110araaf1sds7g', '::1', 1579891665, 0x5f5f63695f6c6173745f726567656e65726174657c693a313537393839313636353b7573657249647c733a313a2236223b66697273744e616d657c733a353a2241646d696e223b6c6173744e616d657c733a353a2241646d696e223b756e6971756549647c733a363a22353432303839223b75736572547970657c733a353a2241646d696e223b757365725479706549647c733a313a2231223b70726f66696c65496d67506174687c733a34303a226173736574732f696d616765732f617661746172732f64656661756c745f6176617461722e6a7067223b6c6f676765645f696e7c623a313b),
('de4adpf4vghmgmosa0lgihelvf8k07p5', '::1', 1579874807, 0x5f5f63695f6c6173745f726567656e65726174657c693a313537393837343830373b7573657249647c733a313a2236223b66697273744e616d657c733a353a2241646d696e223b6c6173744e616d657c733a353a2241646d696e223b756e6971756549647c733a363a22353432303839223b75736572547970657c733a353a2241646d696e223b757365725479706549647c733a313a2231223b70726f66696c65496d67506174687c733a34303a226173736574732f696d616765732f617661746172732f64656661756c745f6176617461722e6a7067223b6c6f676765645f696e7c623a313b),
('dhldrkj5ipi45ts90im4rpq5d30poemo', '::1', 1579877221, 0x5f5f63695f6c6173745f726567656e65726174657c693a313537393837373232313b7573657249647c733a313a2236223b66697273744e616d657c733a353a2241646d696e223b6c6173744e616d657c733a353a2241646d696e223b756e6971756549647c733a363a22353432303839223b75736572547970657c733a353a2241646d696e223b757365725479706549647c733a313a2231223b70726f66696c65496d67506174687c733a34303a226173736574732f696d616765732f617661746172732f64656661756c745f6176617461722e6a7067223b6c6f676765645f696e7c623a313b),
('ef9t1gbup35vrl57kahp0gknd6agnpe3', '::1', 1579922463, 0x5f5f63695f6c6173745f726567656e65726174657c693a313537393932323436333b7573657249647c733a313a2236223b66697273744e616d657c733a353a2241646d696e223b6c6173744e616d657c733a353a2241646d696e223b756e6971756549647c733a363a22353432303839223b75736572547970657c733a353a2241646d696e223b757365725479706549647c733a313a2231223b70726f66696c65496d67506174687c733a34303a226173736574732f696d616765732f617661746172732f64656661756c745f6176617461722e6a7067223b6c6f676765645f696e7c623a313b),
('eu7ihnd3o9jjkuvsinvq88pq8g37ji8r', '::1', 1579875517, 0x5f5f63695f6c6173745f726567656e65726174657c693a313537393837353531373b7573657249647c733a313a2236223b66697273744e616d657c733a353a2241646d696e223b6c6173744e616d657c733a353a2241646d696e223b756e6971756549647c733a363a22353432303839223b75736572547970657c733a353a2241646d696e223b757365725479706549647c733a313a2231223b70726f66696c65496d67506174687c733a34303a226173736574732f696d616765732f617661746172732f64656661756c745f6176617461722e6a7067223b6c6f676765645f696e7c623a313b),
('evsm15pmi77q03idicksi051ioufaic6', '::1', 1579885335, 0x5f5f63695f6c6173745f726567656e65726174657c693a313537393838353333353b7573657249647c733a313a2236223b66697273744e616d657c733a353a2241646d696e223b6c6173744e616d657c733a353a2241646d696e223b756e6971756549647c733a363a22353432303839223b75736572547970657c733a353a2241646d696e223b757365725479706549647c733a313a2231223b70726f66696c65496d67506174687c733a34303a226173736574732f696d616765732f617661746172732f64656661756c745f6176617461722e6a7067223b6c6f676765645f696e7c623a313b),
('f0ege07s30mpdlm4ikivpaepe6rg59ta', '::1', 1579892155, 0x5f5f63695f6c6173745f726567656e65726174657c693a313537393839323135353b7573657249647c733a313a2236223b66697273744e616d657c733a353a2241646d696e223b6c6173744e616d657c733a353a2241646d696e223b756e6971756549647c733a363a22353432303839223b75736572547970657c733a353a2241646d696e223b757365725479706549647c733a313a2231223b70726f66696c65496d67506174687c733a34303a226173736574732f696d616765732f617661746172732f64656661756c745f6176617461722e6a7067223b6c6f676765645f696e7c623a313b),
('f413a8a5n8h0dk7290jnq3nal5hokftq', '::1', 1579961795, 0x5f5f63695f6c6173745f726567656e65726174657c693a313537393936313738333b7573657249647c733a313a2236223b66697273744e616d657c733a353a2241646d696e223b6c6173744e616d657c733a353a2241646d696e223b756e6971756549647c733a363a22353432303839223b75736572547970657c733a353a2241646d696e223b757365725479706549647c733a313a2231223b70726f66696c65496d67506174687c733a34303a226173736574732f696d616765732f617661746172732f64656661756c745f6176617461722e6a7067223b6c6f676765645f696e7c623a313b),
('ffqcaoph2uhrvn1ffkraeutuoq77u4hl', '::1', 1579882148, 0x5f5f63695f6c6173745f726567656e65726174657c693a313537393838323134383b7573657249647c733a313a2236223b66697273744e616d657c733a353a2241646d696e223b6c6173744e616d657c733a353a2241646d696e223b756e6971756549647c733a363a22353432303839223b75736572547970657c733a353a2241646d696e223b757365725479706549647c733a313a2231223b70726f66696c65496d67506174687c733a34303a226173736574732f696d616765732f617661746172732f64656661756c745f6176617461722e6a7067223b6c6f676765645f696e7c623a313b),
('fjo7hg1c3icqu94bgi5o1cgppqbi7b8s', '::1', 1579877856, 0x5f5f63695f6c6173745f726567656e65726174657c693a313537393837373835363b7573657249647c733a313a2236223b66697273744e616d657c733a353a2241646d696e223b6c6173744e616d657c733a353a2241646d696e223b756e6971756549647c733a363a22353432303839223b75736572547970657c733a353a2241646d696e223b757365725479706549647c733a313a2231223b70726f66696c65496d67506174687c733a34303a226173736574732f696d616765732f617661746172732f64656661756c745f6176617461722e6a7067223b6c6f676765645f696e7c623a313b),
('fuoraa38lmearhcocv60245o1n2tvish', '::1', 1579887901, 0x5f5f63695f6c6173745f726567656e65726174657c693a313537393838373930313b7573657249647c733a313a2236223b66697273744e616d657c733a353a2241646d696e223b6c6173744e616d657c733a353a2241646d696e223b756e6971756549647c733a363a22353432303839223b75736572547970657c733a353a2241646d696e223b757365725479706549647c733a313a2231223b70726f66696c65496d67506174687c733a34303a226173736574732f696d616765732f617661746172732f64656661756c745f6176617461722e6a7067223b6c6f676765645f696e7c623a313b),
('gii1k7kg8o9f0oeuhl8c4oc3ve619kkj', '::1', 1580020576, 0x5f5f63695f6c6173745f726567656e65726174657c693a313538303032303537363b7573657249647c733a313a2236223b66697273744e616d657c733a353a2241646d696e223b6c6173744e616d657c733a353a2241646d696e223b756e6971756549647c733a363a22353432303839223b75736572547970657c733a353a2241646d696e223b757365725479706549647c733a313a2231223b70726f66696c65496d67506174687c733a34303a226173736574732f696d616765732f617661746172732f64656661756c745f6176617461722e6a7067223b6c6f676765645f696e7c623a313b),
('gsahlgte7cqhpb5i5ufoj4iqu11uhqdu', '::1', 1580019183, 0x5f5f63695f6c6173745f726567656e65726174657c693a313538303031393138333b7573657249647c733a313a2236223b66697273744e616d657c733a353a2241646d696e223b6c6173744e616d657c733a353a2241646d696e223b756e6971756549647c733a363a22353432303839223b75736572547970657c733a353a2241646d696e223b757365725479706549647c733a313a2231223b70726f66696c65496d67506174687c733a34303a226173736574732f696d616765732f617661746172732f64656661756c745f6176617461722e6a7067223b6c6f676765645f696e7c623a313b),
('hf487dul43ss0m2stp5pbtpni63gg56u', '::1', 1579923010, 0x5f5f63695f6c6173745f726567656e65726174657c693a313537393932333031303b7573657249647c733a313a2236223b66697273744e616d657c733a353a2241646d696e223b6c6173744e616d657c733a353a2241646d696e223b756e6971756549647c733a363a22353432303839223b75736572547970657c733a353a2241646d696e223b757365725479706549647c733a313a2231223b70726f66696c65496d67506174687c733a34303a226173736574732f696d616765732f617661746172732f64656661756c745f6176617461722e6a7067223b6c6f676765645f696e7c623a313b),
('hir3tvbuk6ljn1ajei85lsdvcs085u6h', '::1', 1579882543, 0x5f5f63695f6c6173745f726567656e65726174657c693a313537393838323534333b7573657249647c733a313a2236223b66697273744e616d657c733a353a2241646d696e223b6c6173744e616d657c733a353a2241646d696e223b756e6971756549647c733a363a22353432303839223b75736572547970657c733a353a2241646d696e223b757365725479706549647c733a313a2231223b70726f66696c65496d67506174687c733a34303a226173736574732f696d616765732f617661746172732f64656661756c745f6176617461722e6a7067223b6c6f676765645f696e7c623a313b),
('hrbk5df4j8nj01f7q34fqu0ph1u8ok0g', '::1', 1579921474, 0x5f5f63695f6c6173745f726567656e65726174657c693a313537393932313437343b7573657249647c733a313a2236223b66697273744e616d657c733a353a2241646d696e223b6c6173744e616d657c733a353a2241646d696e223b756e6971756549647c733a363a22353432303839223b75736572547970657c733a353a2241646d696e223b757365725479706549647c733a313a2231223b70726f66696c65496d67506174687c733a34303a226173736574732f696d616765732f617661746172732f64656661756c745f6176617461722e6a7067223b6c6f676765645f696e7c623a313b),
('i7gn02ng36iqlbqt73ed5nqc2fi5sh2h', '::1', 1579870573, 0x5f5f63695f6c6173745f726567656e65726174657c693a313537393837303537333b7573657249647c733a313a2236223b66697273744e616d657c733a353a2241646d696e223b6c6173744e616d657c733a353a2241646d696e223b756e6971756549647c733a363a22353432303839223b75736572547970657c733a353a2241646d696e223b757365725479706549647c733a313a2231223b70726f66696c65496d67506174687c733a34303a226173736574732f696d616765732f617661746172732f64656661756c745f6176617461722e6a7067223b6c6f676765645f696e7c623a313b),
('iu4cmt1qda0hk68eni39o8sngla47mck', '::1', 1580019507, 0x5f5f63695f6c6173745f726567656e65726174657c693a313538303031393530373b7573657249647c733a313a2236223b66697273744e616d657c733a353a2241646d696e223b6c6173744e616d657c733a353a2241646d696e223b756e6971756549647c733a363a22353432303839223b75736572547970657c733a353a2241646d696e223b757365725479706549647c733a313a2231223b70726f66696c65496d67506174687c733a34303a226173736574732f696d616765732f617661746172732f64656661756c745f6176617461722e6a7067223b6c6f676765645f696e7c623a313b),
('jbo9hmrui9s6kkr8ab0f96q2qnfroh37', '::1', 1579927753, 0x5f5f63695f6c6173745f726567656e65726174657c693a313537393932373735333b7573657249647c733a313a2236223b66697273744e616d657c733a353a2241646d696e223b6c6173744e616d657c733a353a2241646d696e223b756e6971756549647c733a363a22353432303839223b75736572547970657c733a353a2241646d696e223b757365725479706549647c733a313a2231223b70726f66696c65496d67506174687c733a34303a226173736574732f696d616765732f617661746172732f64656661756c745f6176617461722e6a7067223b6c6f676765645f696e7c623a313b),
('jflrs8q6jm9e6he5v4at7e54lathoina', '::1', 1579890936, 0x5f5f63695f6c6173745f726567656e65726174657c693a313537393839303933363b7573657249647c733a313a2236223b66697273744e616d657c733a353a2241646d696e223b6c6173744e616d657c733a353a2241646d696e223b756e6971756549647c733a363a22353432303839223b75736572547970657c733a353a2241646d696e223b757365725479706549647c733a313a2231223b70726f66696c65496d67506174687c733a34303a226173736574732f696d616765732f617661746172732f64656661756c745f6176617461722e6a7067223b6c6f676765645f696e7c623a313b),
('jqmip7tkmi0jsm4mg1pf9e28riafbpdj', '::1', 1579923647, 0x5f5f63695f6c6173745f726567656e65726174657c693a313537393932333634373b7573657249647c733a313a2236223b66697273744e616d657c733a353a2241646d696e223b6c6173744e616d657c733a353a2241646d696e223b756e6971756549647c733a363a22353432303839223b75736572547970657c733a353a2241646d696e223b757365725479706549647c733a313a2231223b70726f66696c65496d67506174687c733a34303a226173736574732f696d616765732f617661746172732f64656661756c745f6176617461722e6a7067223b6c6f676765645f696e7c623a313b),
('k872b7qi67n358m7387rfa9q2atnhqac', '::1', 1579881738, 0x5f5f63695f6c6173745f726567656e65726174657c693a313537393838313733383b7573657249647c733a313a2236223b66697273744e616d657c733a353a2241646d696e223b6c6173744e616d657c733a353a2241646d696e223b756e6971756549647c733a363a22353432303839223b75736572547970657c733a353a2241646d696e223b757365725479706549647c733a313a2231223b70726f66696c65496d67506174687c733a34303a226173736574732f696d616765732f617661746172732f64656661756c745f6176617461722e6a7067223b6c6f676765645f696e7c623a313b),
('k9a9p6o5fcfj5q0nulnsg9kajchanpu9', '::1', 1579887244, 0x5f5f63695f6c6173745f726567656e65726174657c693a313537393838373234343b7573657249647c733a313a2236223b66697273744e616d657c733a353a2241646d696e223b6c6173744e616d657c733a353a2241646d696e223b756e6971756549647c733a363a22353432303839223b75736572547970657c733a353a2241646d696e223b757365725479706549647c733a313a2231223b70726f66696c65496d67506174687c733a34303a226173736574732f696d616765732f617661746172732f64656661756c745f6176617461722e6a7067223b6c6f676765645f696e7c623a313b),
('l1ccj58fjcoi144qd9npa2qpkkov46vk', '::1', 1579926843, 0x5f5f63695f6c6173745f726567656e65726174657c693a313537393932363834333b7573657249647c733a313a2236223b66697273744e616d657c733a353a2241646d696e223b6c6173744e616d657c733a353a2241646d696e223b756e6971756549647c733a363a22353432303839223b75736572547970657c733a353a2241646d696e223b757365725479706549647c733a313a2231223b70726f66696c65496d67506174687c733a34303a226173736574732f696d616765732f617661746172732f64656661756c745f6176617461722e6a7067223b6c6f676765645f696e7c623a313b),
('lbfjrmgjvi4tqvikr76nr7prjlf2m94v', '::1', 1580031126, 0x5f5f63695f6c6173745f726567656e65726174657c693a313538303033313132333b7573657249647c733a313a2236223b66697273744e616d657c733a353a2241646d696e223b6c6173744e616d657c733a353a2241646d696e223b756e6971756549647c733a363a22353432303839223b75736572547970657c733a353a2241646d696e223b757365725479706549647c733a313a2231223b70726f66696c65496d67506174687c733a34303a226173736574732f696d616765732f617661746172732f64656661756c745f6176617461722e6a7067223b6c6f676765645f696e7c623a313b),
('ln8g6ppujb6bfena5ajdi0318kk6uk1u', '::1', 1579881352, 0x5f5f63695f6c6173745f726567656e65726174657c693a313537393838313335323b7573657249647c733a313a2236223b66697273744e616d657c733a353a2241646d696e223b6c6173744e616d657c733a353a2241646d696e223b756e6971756549647c733a363a22353432303839223b75736572547970657c733a353a2241646d696e223b757365725479706549647c733a313a2231223b70726f66696c65496d67506174687c733a34303a226173736574732f696d616765732f617661746172732f64656661756c745f6176617461722e6a7067223b6c6f676765645f696e7c623a313b),
('ltjh9jcfgqr60q22fva2sis2mlle3ln1', '::1', 1579876892, 0x5f5f63695f6c6173745f726567656e65726174657c693a313537393837363839323b7573657249647c733a313a2236223b66697273744e616d657c733a353a2241646d696e223b6c6173744e616d657c733a353a2241646d696e223b756e6971756549647c733a363a22353432303839223b75736572547970657c733a353a2241646d696e223b757365725479706549647c733a313a2231223b70726f66696c65496d67506174687c733a34303a226173736574732f696d616765732f617661746172732f64656661756c745f6176617461722e6a7067223b6c6f676765645f696e7c623a313b),
('me8glvgh7ol4dnh403lb42abn8ip29qa', '::1', 1579884926, 0x5f5f63695f6c6173745f726567656e65726174657c693a313537393838343932363b7573657249647c733a313a2236223b66697273744e616d657c733a353a2241646d696e223b6c6173744e616d657c733a353a2241646d696e223b756e6971756549647c733a363a22353432303839223b75736572547970657c733a353a2241646d696e223b757365725479706549647c733a313a2231223b70726f66696c65496d67506174687c733a34303a226173736574732f696d616765732f617661746172732f64656661756c745f6176617461722e6a7067223b6c6f676765645f696e7c623a313b),
('mhkufgd8j5skhodkapldh9toubka8jsk', '::1', 1579926162, 0x5f5f63695f6c6173745f726567656e65726174657c693a313537393932363136323b7573657249647c733a313a2236223b66697273744e616d657c733a353a2241646d696e223b6c6173744e616d657c733a353a2241646d696e223b756e6971756549647c733a363a22353432303839223b75736572547970657c733a353a2241646d696e223b757365725479706549647c733a313a2231223b70726f66696c65496d67506174687c733a34303a226173736574732f696d616765732f617661746172732f64656661756c745f6176617461722e6a7067223b6c6f676765645f696e7c623a313b),
('mk29qns5npncvbre36rg90trnlvt21sr', '::1', 1579876588, 0x5f5f63695f6c6173745f726567656e65726174657c693a313537393837363538383b7573657249647c733a313a2236223b66697273744e616d657c733a353a2241646d696e223b6c6173744e616d657c733a353a2241646d696e223b756e6971756549647c733a363a22353432303839223b75736572547970657c733a353a2241646d696e223b757365725479706549647c733a313a2231223b70726f66696c65496d67506174687c733a34303a226173736574732f696d616765732f617661746172732f64656661756c745f6176617461722e6a7067223b6c6f676765645f696e7c623a313b),
('n0rl9hnlm9evlul71fvcfa44cbkc8s9f', '::1', 1579876188, 0x5f5f63695f6c6173745f726567656e65726174657c693a313537393837363138383b7573657249647c733a313a2236223b66697273744e616d657c733a353a2241646d696e223b6c6173744e616d657c733a353a2241646d696e223b756e6971756549647c733a363a22353432303839223b75736572547970657c733a353a2241646d696e223b757365725479706549647c733a313a2231223b70726f66696c65496d67506174687c733a34303a226173736574732f696d616765732f617661746172732f64656661756c745f6176617461722e6a7067223b6c6f676765645f696e7c623a313b),
('nt8vnkkcmkbf39u7f8qfkdpm6k9se034', '::1', 1579927452, 0x5f5f63695f6c6173745f726567656e65726174657c693a313537393932373435323b7573657249647c733a313a2236223b66697273744e616d657c733a353a2241646d696e223b6c6173744e616d657c733a353a2241646d696e223b756e6971756549647c733a363a22353432303839223b75736572547970657c733a353a2241646d696e223b757365725479706549647c733a313a2231223b70726f66696c65496d67506174687c733a34303a226173736574732f696d616765732f617661746172732f64656661756c745f6176617461722e6a7067223b6c6f676765645f696e7c623a313b),
('ntvipos7aiskmcindqe6ompb42bjuknf', '::1', 1580016598, 0x5f5f63695f6c6173745f726567656e65726174657c693a313538303031363539383b7573657249647c733a313a2236223b66697273744e616d657c733a353a2241646d696e223b6c6173744e616d657c733a353a2241646d696e223b756e6971756549647c733a363a22353432303839223b75736572547970657c733a353a2241646d696e223b757365725479706549647c733a313a2231223b70726f66696c65496d67506174687c733a34303a226173736574732f696d616765732f617661746172732f64656661756c745f6176617461722e6a7067223b6c6f676765645f696e7c623a313b),
('og89jlrbpivr2vd62230asdi33f8hk3q', '::1', 1579883170, 0x5f5f63695f6c6173745f726567656e65726174657c693a313537393838333137303b7573657249647c733a313a2236223b66697273744e616d657c733a353a2241646d696e223b6c6173744e616d657c733a353a2241646d696e223b756e6971756549647c733a363a22353432303839223b75736572547970657c733a353a2241646d696e223b757365725479706549647c733a313a2231223b70726f66696c65496d67506174687c733a34303a226173736574732f696d616765732f617661746172732f64656661756c745f6176617461722e6a7067223b6c6f676765645f696e7c623a313b),
('olk4noj1b7t36im916or0pa44kh8ugki', '::1', 1579892261, 0x5f5f63695f6c6173745f726567656e65726174657c693a313537393839323135353b7573657249647c733a313a2236223b66697273744e616d657c733a353a2241646d696e223b6c6173744e616d657c733a353a2241646d696e223b756e6971756549647c733a363a22353432303839223b75736572547970657c733a353a2241646d696e223b757365725479706549647c733a313a2231223b70726f66696c65496d67506174687c733a34303a226173736574732f696d616765732f617661746172732f64656661756c745f6176617461722e6a7067223b6c6f676765645f696e7c623a313b),
('olma135c8jh40b1mvtr1i9jui9lv02pe', '::1', 1579928396, 0x5f5f63695f6c6173745f726567656e65726174657c693a313537393932383339363b7573657249647c733a313a2236223b66697273744e616d657c733a353a2241646d696e223b6c6173744e616d657c733a353a2241646d696e223b756e6971756549647c733a363a22353432303839223b75736572547970657c733a353a2241646d696e223b757365725479706549647c733a313a2231223b70726f66696c65496d67506174687c733a34303a226173736574732f696d616765732f617661746172732f64656661756c745f6176617461722e6a7067223b6c6f676765645f696e7c623a313b),
('or4qgf8a8pqsmvhfrgn6uorfuhjibr8k', '::1', 1579920528, 0x5f5f63695f6c6173745f726567656e65726174657c693a313537393932303532383b7573657249647c733a313a2236223b66697273744e616d657c733a353a2241646d696e223b6c6173744e616d657c733a353a2241646d696e223b756e6971756549647c733a363a22353432303839223b75736572547970657c733a353a2241646d696e223b757365725479706549647c733a313a2231223b70726f66696c65496d67506174687c733a34303a226173736574732f696d616765732f617661746172732f64656661756c745f6176617461722e6a7067223b6c6f676765645f696e7c623a313b),
('p2tcjfk2vd4p8o53ea3petlvc339rp9j', '::1', 1579890631, 0x5f5f63695f6c6173745f726567656e65726174657c693a313537393839303633313b7573657249647c733a313a2236223b66697273744e616d657c733a353a2241646d696e223b6c6173744e616d657c733a353a2241646d696e223b756e6971756549647c733a363a22353432303839223b75736572547970657c733a353a2241646d696e223b757365725479706549647c733a313a2231223b70726f66696c65496d67506174687c733a34303a226173736574732f696d616765732f617661746172732f64656661756c745f6176617461722e6a7067223b6c6f676765645f696e7c623a313b),
('pbqe0obkt859fqru7tilgvgle83thgfu', '::1', 1580021052, 0x5f5f63695f6c6173745f726567656e65726174657c693a313538303032313035323b7573657249647c733a313a2236223b66697273744e616d657c733a353a2241646d696e223b6c6173744e616d657c733a353a2241646d696e223b756e6971756549647c733a363a22353432303839223b75736572547970657c733a353a2241646d696e223b757365725479706549647c733a313a2231223b70726f66696c65496d67506174687c733a34303a226173736574732f696d616765732f617661746172732f64656661756c745f6176617461722e6a7067223b6c6f676765645f696e7c623a313b),
('ph1109ove8lh4q2ia1rmv0220rbe2oho', '::1', 1579919486, 0x5f5f63695f6c6173745f726567656e65726174657c693a313537393931393438363b7573657249647c733a313a2236223b66697273744e616d657c733a353a2241646d696e223b6c6173744e616d657c733a353a2241646d696e223b756e6971756549647c733a363a22353432303839223b75736572547970657c733a353a2241646d696e223b757365725479706549647c733a313a2231223b70726f66696c65496d67506174687c733a34303a226173736574732f696d616765732f617661746172732f64656661756c745f6176617461722e6a7067223b6c6f676765645f696e7c623a313b),
('pql6lshb2s8jvvbahnbqr3p02frlm08l', '::1', 1580021648, 0x5f5f63695f6c6173745f726567656e65726174657c693a313538303032313634383b7573657249647c733a313a2236223b66697273744e616d657c733a353a2241646d696e223b6c6173744e616d657c733a353a2241646d696e223b756e6971756549647c733a363a22353432303839223b75736572547970657c733a353a2241646d696e223b757365725479706549647c733a313a2231223b70726f66696c65496d67506174687c733a34303a226173736574732f696d616765732f617661746172732f64656661756c745f6176617461722e6a7067223b6c6f676765645f696e7c623a313b),
('psgr68iihg7sq4htj3qe8g12t42n7ta7', '::1', 1579882863, 0x5f5f63695f6c6173745f726567656e65726174657c693a313537393838323836333b7573657249647c733a313a2236223b66697273744e616d657c733a353a2241646d696e223b6c6173744e616d657c733a353a2241646d696e223b756e6971756549647c733a363a22353432303839223b75736572547970657c733a353a2241646d696e223b757365725479706549647c733a313a2231223b70726f66696c65496d67506174687c733a34303a226173736574732f696d616765732f617661746172732f64656661756c745f6176617461722e6a7067223b6c6f676765645f696e7c623a313b),
('qigqdl7aafsm8gp8cbinf1kfnnaneaug', '::1', 1580023844, 0x5f5f63695f6c6173745f726567656e65726174657c693a313538303032333834343b7573657249647c733a313a2236223b66697273744e616d657c733a353a2241646d696e223b6c6173744e616d657c733a353a2241646d696e223b756e6971756549647c733a363a22353432303839223b75736572547970657c733a353a2241646d696e223b757365725479706549647c733a313a2231223b70726f66696c65496d67506174687c733a34303a226173736574732f696d616765732f617661746172732f64656661756c745f6176617461722e6a7067223b6c6f676765645f696e7c623a313b),
('r5e28iclh6sle773iqjlmr79p9k541s0', '::1', 1580030261, 0x5f5f63695f6c6173745f726567656e65726174657c693a313538303033303236313b7573657249647c733a313a2236223b66697273744e616d657c733a353a2241646d696e223b6c6173744e616d657c733a353a2241646d696e223b756e6971756549647c733a363a22353432303839223b75736572547970657c733a353a2241646d696e223b757365725479706549647c733a313a2231223b70726f66696c65496d67506174687c733a34303a226173736574732f696d616765732f617661746172732f64656661756c745f6176617461722e6a7067223b6c6f676765645f696e7c623a313b),
('rjq03u5i3h29vttsr96jisfehdkbst77', '::1', 1580031123, 0x5f5f63695f6c6173745f726567656e65726174657c693a313538303033313132333b7573657249647c733a313a2236223b66697273744e616d657c733a353a2241646d696e223b6c6173744e616d657c733a353a2241646d696e223b756e6971756549647c733a363a22353432303839223b75736572547970657c733a353a2241646d696e223b757365725479706549647c733a313a2231223b70726f66696c65496d67506174687c733a34303a226173736574732f696d616765732f617661746172732f64656661756c745f6176617461722e6a7067223b6c6f676765645f696e7c623a313b),
('s30ivtve6t41uaof6ilgcassu3759cdt', '::1', 1579928054, 0x5f5f63695f6c6173745f726567656e65726174657c693a313537393932383035343b7573657249647c733a313a2236223b66697273744e616d657c733a353a2241646d696e223b6c6173744e616d657c733a353a2241646d696e223b756e6971756549647c733a363a22353432303839223b75736572547970657c733a353a2241646d696e223b757365725479706549647c733a313a2231223b70726f66696c65496d67506174687c733a34303a226173736574732f696d616765732f617661746172732f64656661756c745f6176617461722e6a7067223b6c6f676765645f696e7c623a313b),
('spkvmmt9rvasf3mqvq89c8nmb9mcgmbi', '::1', 1579890266, 0x5f5f63695f6c6173745f726567656e65726174657c693a313537393839303236363b7573657249647c733a313a2236223b66697273744e616d657c733a353a2241646d696e223b6c6173744e616d657c733a353a2241646d696e223b756e6971756549647c733a363a22353432303839223b75736572547970657c733a353a2241646d696e223b757365725479706549647c733a313a2231223b70726f66696c65496d67506174687c733a34303a226173736574732f696d616765732f617661746172732f64656661756c745f6176617461722e6a7067223b6c6f676765645f696e7c623a313b),
('tn924biqikcg6npa20igoharpgbdd2si', '::1', 1579927145, 0x5f5f63695f6c6173745f726567656e65726174657c693a313537393932373134353b7573657249647c733a313a2236223b66697273744e616d657c733a353a2241646d696e223b6c6173744e616d657c733a353a2241646d696e223b756e6971756549647c733a363a22353432303839223b75736572547970657c733a353a2241646d696e223b757365725479706549647c733a313a2231223b70726f66696c65496d67506174687c733a34303a226173736574732f696d616765732f617661746172732f64656661756c745f6176617461722e6a7067223b6c6f676765645f696e7c623a313b),
('tr70m2q5aj6s93k3fk8om8c3121s3lan', '::1', 1579886856, 0x5f5f63695f6c6173745f726567656e65726174657c693a313537393838363835363b7573657249647c733a313a2236223b66697273744e616d657c733a353a2241646d696e223b6c6173744e616d657c733a353a2241646d696e223b756e6971756549647c733a363a22353432303839223b75736572547970657c733a353a2241646d696e223b757365725479706549647c733a313a2231223b70726f66696c65496d67506174687c733a34303a226173736574732f696d616765732f617661746172732f64656661756c745f6176617461722e6a7067223b6c6f676765645f696e7c623a313b),
('tv07t3k2ulq8licsqtj6a5rp1idd8tm7', '::1', 1579878620, 0x5f5f63695f6c6173745f726567656e65726174657c693a313537393837383632303b7573657249647c733a313a2236223b66697273744e616d657c733a353a2241646d696e223b6c6173744e616d657c733a353a2241646d696e223b756e6971756549647c733a363a22353432303839223b75736572547970657c733a353a2241646d696e223b757365725479706549647c733a313a2231223b70726f66696c65496d67506174687c733a34303a226173736574732f696d616765732f617661746172732f64656661756c745f6176617461722e6a7067223b6c6f676765645f696e7c623a313b),
('um15o9a6nc4ta9tvu3ghsaiqu5fd1trc', '::1', 1579870907, 0x5f5f63695f6c6173745f726567656e65726174657c693a313537393837303930373b7573657249647c733a313a2236223b66697273744e616d657c733a353a2241646d696e223b6c6173744e616d657c733a353a2241646d696e223b756e6971756549647c733a363a22353432303839223b75736572547970657c733a353a2241646d696e223b757365725479706549647c733a313a2231223b70726f66696c65496d67506174687c733a34303a226173736574732f696d616765732f617661746172732f64656661756c745f6176617461722e6a7067223b6c6f676765645f696e7c623a313b),
('unf2ie20fbdcq46ajr727md6p7prfga1', '::1', 1580028528, 0x5f5f63695f6c6173745f726567656e65726174657c693a313538303032383532383b7573657249647c733a313a2236223b66697273744e616d657c733a353a2241646d696e223b6c6173744e616d657c733a353a2241646d696e223b756e6971756549647c733a363a22353432303839223b75736572547970657c733a353a2241646d696e223b757365725479706549647c733a313a2231223b70726f66696c65496d67506174687c733a34303a226173736574732f696d616765732f617661746172732f64656661756c745f6176617461722e6a7067223b6c6f676765645f696e7c623a313b),
('v1evm0t13jnifd6tvtndlq0cvt0bp2r6', '::1', 1579886307, 0x5f5f63695f6c6173745f726567656e65726174657c693a313537393838363330373b7573657249647c733a313a2236223b66697273744e616d657c733a353a2241646d696e223b6c6173744e616d657c733a353a2241646d696e223b756e6971756549647c733a363a22353432303839223b75736572547970657c733a353a2241646d696e223b757365725479706549647c733a313a2231223b70726f66696c65496d67506174687c733a34303a226173736574732f696d616765732f617661746172732f64656661756c745f6176617461722e6a7067223b6c6f676765645f696e7c623a313b),
('vlss4dm3aagknmpm26d0s1nll55ct280', '::1', 1579891262, 0x5f5f63695f6c6173745f726567656e65726174657c693a313537393839313236323b7573657249647c733a313a2236223b66697273744e616d657c733a353a2241646d696e223b6c6173744e616d657c733a353a2241646d696e223b756e6971756549647c733a363a22353432303839223b75736572547970657c733a353a2241646d696e223b757365725479706549647c733a313a2231223b70726f66696c65496d67506174687c733a34303a226173736574732f696d616765732f617661746172732f64656661756c745f6176617461722e6a7067223b6c6f676765645f696e7c623a313b),
('vsj8ct0e1oq5cfddi3joe2c5alam3vnr', '::1', 1579883534, 0x5f5f63695f6c6173745f726567656e65726174657c693a313537393838333533343b7573657249647c733a313a2236223b66697273744e616d657c733a353a2241646d696e223b6c6173744e616d657c733a353a2241646d696e223b756e6971756549647c733a363a22353432303839223b75736572547970657c733a353a2241646d696e223b757365725479706549647c733a313a2231223b70726f66696c65496d67506174687c733a34303a226173736574732f696d616765732f617661746172732f64656661756c745f6176617461722e6a7067223b6c6f676765645f696e7c623a313b);

-- --------------------------------------------------------

--
-- Table structure for table `course`
--

CREATE TABLE `course` (
  `course_id` int(11) NOT NULL,
  `name` varchar(250) DEFAULT NULL,
  `course_major_id` int(11) DEFAULT NULL,
  `course_type_id` int(11) DEFAULT NULL,
  `department_id` int(11) DEFAULT NULL,
  `number_of_years` int(1) NOT NULL
) ENGINE=InnoDB DEFAULT CHARSET=utf8;

--
-- Dumping data for table `course`
--

INSERT INTO `course` (`course_id`, `name`, `course_major_id`, `course_type_id`, `department_id`, `number_of_years`) VALUES
(1, 'M.Sc - Medical Surgical Nursing (MSN)', 3, 2, 1, 2),
(2, 'B.Sc Nursing', 1, 1, 1, 4),
(3, 'Post Basic B.Sc', 2, 1, 1, 2),
(4, 'General Nursing and Midwifery - SSN', 4, 3, 1, 3),
(8, 'M.Sc - Obstetrics and Gynaecology Nursing (OBG)', 3, 2, 1, 2),
(9, 'M.Sc - Pediatric Nursing (PED)', 3, 2, 1, 2),
(10, 'M.Sc - Psychiatric Nursing (PSY)', 3, 2, 1, 2),
(11, 'M.Sc - Community Health Nursing (CHN)', 3, 2, 1, 2),
(12, 'General Nursing and Midwifery - NSSN', 4, 3, 1, 3);

-- --------------------------------------------------------

--
-- Table structure for table `course_batch`
--

CREATE TABLE `course_batch` (
  `course_batch_id` int(11) NOT NULL,
  `course_id` int(11) NOT NULL,
  `batch_name` varchar(245) NOT NULL,
  `section` varchar(30) DEFAULT NULL,
  `start_date` date NOT NULL,
  `end_date` date NOT NULL
) ENGINE=InnoDB DEFAULT CHARSET=utf8 COMMENT='This table represents the course taken for which year. For example BE for the year b/w 2000 to 2014.';

--
-- Dumping data for table `course_batch`
--

INSERT INTO `course_batch` (`course_batch_id`, `course_id`, `batch_name`, `section`, `start_date`, `end_date`) VALUES
(1, 1, '2019 - 2021 Batch', '-', '2019-10-02', '2021-10-30'),
(2, 4, '2019 - 2022', '-', '2019-09-03', '2022-08-30'),
(3, 3, '2018 - 20', '', '2018-10-05', '2020-10-31'),
(4, 3, '2019-21', '', '2019-10-05', '2021-10-31'),
(5, 2, '2016-20', '', '2016-10-05', '2020-10-31'),
(6, 2, '2017-21', '', '2017-10-05', '2021-10-31'),
(7, 2, '2018-22', '', '2018-10-05', '2022-10-31'),
(8, 2, '2019-23', '', '2019-10-05', '2023-10-31'),
(9, 11, '2018-20', '', '2018-10-03', '2020-10-31'),
(10, 11, '2019-21', '', '2019-10-03', '2021-10-31'),
(11, 1, '2018-2020', '', '2018-10-03', '2020-10-31'),
(12, 8, '2019 - 2021 Batch', '-', '2019-10-02', '2021-10-30'),
(13, 8, '2018-2020', '', '2018-10-03', '2020-10-31'),
(14, 9, '2019 - 2021 Batch', '-', '2019-10-02', '2021-10-30'),
(15, 9, '2018-2020', '', '2018-10-03', '2020-10-31'),
(16, 10, '2019 - 2021 Batch', '-', '2019-10-02', '2021-10-30'),
(17, 10, '2018-2020', '', '2018-10-03', '2020-10-31'),
(18, 4, '2017 - 2020', '-', '2017-09-02', '2020-08-30'),
(19, 4, '2018 - 2021', '-', '2018-09-02', '2021-08-30'),
(20, 12, '2017 - 2020', '-', '2017-09-02', '2020-08-30'),
(21, 12, '2018 - 2021', '-', '2018-09-02', '2021-08-30'),
(22, 12, '2019 - 2022', '-', '2019-09-03', '2022-08-30');

-- --------------------------------------------------------

--
-- Table structure for table `course_major`
--

CREATE TABLE `course_major` (
  `course_major_id` int(11) NOT NULL,
  `name` varchar(45) DEFAULT NULL
) ENGINE=InnoDB DEFAULT CHARSET=utf8;

--
-- Dumping data for table `course_major`
--

INSERT INTO `course_major` (`course_major_id`, `name`) VALUES
(1, 'BSc'),
(2, 'Post BSc'),
(3, 'MSc'),
(4, 'GNM'),
(5, 'Other');

-- --------------------------------------------------------

--
-- Table structure for table `course_type`
--

CREATE TABLE `course_type` (
  `course_type_id` int(11) NOT NULL,
  `name` varchar(45) DEFAULT NULL
) ENGINE=InnoDB DEFAULT CHARSET=utf8;

--
-- Dumping data for table `course_type`
--

INSERT INTO `course_type` (`course_type_id`, `name`) VALUES
(1, 'UG'),
(2, 'PG'),
(3, 'Diploma');

-- --------------------------------------------------------

--
-- Table structure for table `gender`
--

CREATE TABLE `gender` (
  `id` int(11) NOT NULL,
  `name` varchar(45) DEFAULT NULL
) ENGINE=InnoDB DEFAULT CHARSET=utf8;

--
-- Dumping data for table `gender`
--

INSERT INTO `gender` (`id`, `name`) VALUES
(1, 'Male'),
(2, 'Female');

-- --------------------------------------------------------

--
-- Table structure for table `leave_reason_type`
--

CREATE TABLE `leave_reason_type` (
  `leave_reason_type_id` int(11) NOT NULL,
  `reason_name` varchar(45) DEFAULT NULL
) ENGINE=InnoDB DEFAULT CHARSET=utf8;

--
-- Dumping data for table `leave_reason_type`
--

INSERT INTO `leave_reason_type` (`leave_reason_type_id`, `reason_name`) VALUES
(1, 'Privileged Leave'),
(2, 'Sick Leave'),
(3, 'Maternity Leave'),
(4, 'Paternity Leave'),
(5, 'Other Leave');

-- --------------------------------------------------------

--
-- Table structure for table `outstock`
--

CREATE TABLE `outstock` (
  `outstock_id` int(11) NOT NULL,
  `user_id` int(15) NOT NULL,
  `refno` varchar(200) NOT NULL,
  `purpose_id` int(15) NOT NULL,
  `status` varchar(255) NOT NULL,
  `return_date` varchar(200) NOT NULL,
  `description` text NOT NULL,
  `create_time` timestamp NOT NULL DEFAULT CURRENT_TIMESTAMP ON UPDATE CURRENT_TIMESTAMP
) ENGINE=InnoDB DEFAULT CHARSET=utf8;

--
-- Dumping data for table `outstock`
--

INSERT INTO `outstock` (`outstock_id`, `user_id`, `refno`, `purpose_id`, `status`, `return_date`, `description`, `create_time`) VALUES
(1, 8, 'pg7w', 1, 'Returned', '2020-01-23', '             descrp                           ', '2020-01-24 16:09:57'),
(2, 14, '7lBA', 2, 'Out Stock', '2020-01-23', '                 s                       ', '2020-01-24 09:25:32'),
(3, 9, 'dmFE', 2, 'Partial Returned', '2020-01-24', '      description                       ', '2020-01-24 10:44:41'),
(4, 7, 'LdQw', 2, 'Partial Returned', '2020-01-24', '                              dd          ', '2020-01-24 10:45:42'),
(5, 15, 'zyVX', 1, 'Partial Returned', '2020-01-25', '                ddd                        ', '2020-01-24 18:56:26');

-- --------------------------------------------------------

--
-- Table structure for table `outstock_item`
--

CREATE TABLE `outstock_item` (
  `outstock_item_id` int(11) NOT NULL,
  `outstock_id` int(15) NOT NULL,
  `product_id` int(20) NOT NULL,
  `qty` int(20) NOT NULL,
  `return_qty` int(20) DEFAULT '0'
) ENGINE=InnoDB DEFAULT CHARSET=utf8;

--
-- Dumping data for table `outstock_item`
--

INSERT INTO `outstock_item` (`outstock_item_id`, `outstock_id`, `product_id`, `qty`, `return_qty`) VALUES
(1, 1, 1, 5, 2),
(2, 2, 3, 6, 6),
(3, 3, 2, 3, 0),
(4, 4, 2, 12, 0),
(5, 4, 3, 13, 6),
(6, 5, 2, 22, 0);

-- --------------------------------------------------------

--
-- Table structure for table `product`
--

CREATE TABLE `product` (
  `product_id` int(11) NOT NULL,
  `product_code` varchar(200) DEFAULT NULL,
  `product_name` varchar(200) DEFAULT NULL,
  `category` varchar(250) DEFAULT NULL,
  `sub_category` varchar(250) DEFAULT NULL,
  `product_size` varchar(250) DEFAULT NULL,
  `product_capacity` varchar(250) DEFAULT NULL,
  `product_unit` varchar(250) DEFAULT NULL,
  `product_description` text,
  `intitial_stock` int(11) DEFAULT '0',
  `insert_date` timestamp NOT NULL DEFAULT CURRENT_TIMESTAMP ON UPDATE CURRENT_TIMESTAMP,
  `update_date` timestamp NOT NULL DEFAULT '0000-00-00 00:00:00'
) ENGINE=InnoDB DEFAULT CHARSET=utf8;

--
-- Dumping data for table `product`
--

INSERT INTO `product` (`product_id`, `product_code`, `product_name`, `category`, `sub_category`, `product_size`, `product_capacity`, `product_unit`, `product_description`, `intitial_stock`, `insert_date`, `update_date`) VALUES
(6, 'gBbP56', 'Keyboard', '10', '28', '', '', '', '                                        ', 0, '2020-01-26 06:19:39', '0000-00-00 00:00:00');

-- --------------------------------------------------------

--
-- Table structure for table `product_category`
--

CREATE TABLE `product_category` (
  `category_id` int(11) NOT NULL,
  `category_name` varchar(250) NOT NULL
) ENGINE=InnoDB DEFAULT CHARSET=utf8;

--
-- Dumping data for table `product_category`
--

INSERT INTO `product_category` (`category_id`, `category_name`) VALUES
(1, 'COMMUNITY LAB INVENTORY'),
(2, 'NURSING FOUNDATION LAB INVENTORY'),
(3, 'NUTRITION LAB INVENTORY'),
(4, 'OBG - MATERNITY NURSING INSTRUMENTS LAB INVENTORY'),
(5, 'STATIONERY'),
(6, 'ELECTONICS'),
(7, 'MOBILE'),
(8, 'PHONE'),
(9, 'TABLET'),
(10, 'COMPUTERS'),
(11, 'FURNITURE');

-- --------------------------------------------------------

--
-- Table structure for table `product_subcategory`
--

CREATE TABLE `product_subcategory` (
  `sub_category_id` int(11) NOT NULL,
  `category_id` int(11) NOT NULL,
  `sub_category_name` varchar(200) NOT NULL
) ENGINE=InnoDB DEFAULT CHARSET=utf8;

--
-- Dumping data for table `product_subcategory`
--

INSERT INTO `product_subcategory` (`sub_category_id`, `category_id`, `sub_category_name`) VALUES
(1, 1, 'INSTRUMENTS'),
(2, 1, 'ARTICLES'),
(3, 1, 'STAINLESS STEEL ARTICLES'),
(4, 1, 'PLASTIC ITEMS'),
(5, 1, 'DISPOSABLES'),
(6, 1, 'SOLUTIONS'),
(7, 1, 'AV Aids'),
(8, 2, 'S.S ITEMS'),
(9, 2, 'SOLUTION'),
(10, 2, 'IV FLUIDS'),
(11, 2, 'SCPOES & EQUIPMENTS'),
(12, 2, 'LINENS'),
(13, 2, 'CSSD'),
(14, 2, 'RUBBER MATERIALS'),
(15, 2, 'MISCELLANEOUS PROCEDURE'),
(16, 2, 'OTHERS'),
(17, 4, 'STEEL TRAY'),
(18, 4, 'BOWL'),
(19, 4, 'OUNCE GLASS'),
(20, 4, 'FETOSCOPE'),
(21, 4, 'DUMMY'),
(22, 4, 'MODELS'),
(23, 4, 'INSTRUMENTS'),
(24, 4, 'DOYENS RETRACTOR'),
(25, 4, 'ARTERY FORCEPS'),
(26, 4, 'CHARTS AND MODELS'),
(27, 10, 'LAPTOP'),
(28, 10, 'DESKTOP');

-- --------------------------------------------------------

--
-- Table structure for table `purchase`
--

CREATE TABLE `purchase` (
  `purchase_id` int(11) NOT NULL,
  `refno` varchar(200) NOT NULL,
  `buyer` varchar(250) NOT NULL,
  `Bill_no` varchar(255) DEFAULT NULL,
  `Voucher_no` varchar(255) DEFAULT NULL,
  `purchase_status` varchar(250) NOT NULL,
  `purchase_date` varchar(250) NOT NULL,
  `grand_total` int(20) DEFAULT NULL,
  `created_on` timestamp NOT NULL DEFAULT CURRENT_TIMESTAMP ON UPDATE CURRENT_TIMESTAMP,
  `modified_date` timestamp NOT NULL DEFAULT '0000-00-00 00:00:00'
) ENGINE=InnoDB DEFAULT CHARSET=utf8;

--
-- Dumping data for table `purchase`
--

INSERT INTO `purchase` (`purchase_id`, `refno`, `buyer`, `Bill_no`, `Voucher_no`, `purchase_status`, `purchase_date`, `grand_total`, `created_on`, `modified_date`) VALUES
(47, 'AuMF', 'John', '102', '', 'Pending', '2020-01-26', 500, '2020-01-26 06:38:17', '0000-00-00 00:00:00'),
(48, 'sXvR', 'mani', '20', '', 'Pending', '2020-01-26', 4, '2020-01-26 06:54:45', '0000-00-00 00:00:00');

-- --------------------------------------------------------

--
-- Table structure for table `purchase_item`
--

CREATE TABLE `purchase_item` (
  `purchase_item_id` int(11) NOT NULL,
  `purchase_id` int(11) NOT NULL,
  `product_id` int(11) NOT NULL,
  `qty` int(20) NOT NULL,
  `price` varchar(200) NOT NULL
) ENGINE=InnoDB DEFAULT CHARSET=utf8;

--
-- Dumping data for table `purchase_item`
--

INSERT INTO `purchase_item` (`purchase_item_id`, `purchase_id`, `product_id`, `qty`, `price`) VALUES
(35, 47, 6, 5, '100'),
(36, 48, 6, 2, '2');

-- --------------------------------------------------------

--
-- Table structure for table `purpose`
--

CREATE TABLE `purpose` (
  `purpose_id` int(11) NOT NULL,
  `purpose` varchar(200) NOT NULL
) ENGINE=InnoDB DEFAULT CHARSET=utf8;

--
-- Dumping data for table `purpose`
--

INSERT INTO `purpose` (`purpose_id`, `purpose`) VALUES
(1, 'Clinical Visit'),
(2, 'Health Care Champ');

-- --------------------------------------------------------

--
-- Table structure for table `role`
--

CREATE TABLE `role` (
  `role_id` int(11) NOT NULL,
  `role_name` varchar(60) NOT NULL,
  `role_desc` varchar(100) DEFAULT NULL
) ENGINE=InnoDB DEFAULT CHARSET=utf8;

--
-- Dumping data for table `role`
--

INSERT INTO `role` (`role_id`, `role_name`, `role_desc`) VALUES
(1, 'ADMIN', 'Admin role'),
(2, 'USER', 'Normal or default user'),
(3, 'STUDENT', 'Student Role');

-- --------------------------------------------------------

--
-- Table structure for table `subject`
--

CREATE TABLE `subject` (
  `subject_id` int(11) NOT NULL,
  `code` varchar(20) DEFAULT NULL,
  `name` varchar(60) DEFAULT NULL,
  `batch_year_id` int(11) DEFAULT NULL,
  `type_id` int(11) DEFAULT '1',
  `description` varchar(400) DEFAULT NULL,
  `internal` int(1) DEFAULT NULL
) ENGINE=InnoDB DEFAULT CHARSET=utf8;

--
-- Dumping data for table `subject`
--

INSERT INTO `subject` (`subject_id`, `code`, `name`, `batch_year_id`, `type_id`, `description`, `internal`) VALUES
(1, '', 'Anatomy & Physiology', 1, 1, '', 1),
(2, '', 'Nutrition & Biochemistry', 1, 1, '', 1),
(3, '', 'Nursing Foundation', 1, 1, '', 1),
(4, '', 'Psychology', 1, 1, '', 1),
(5, '', 'Microbiology', 1, 1, '', 1),
(6, '', 'English', 1, 1, '', 1),
(7, '', 'Introduction to Computer', 1, 1, '', 1),
(8, '', 'Nursing Foundation', 1, 2, '', 1),
(9, '', 'Sociology', 2, 1, '', 1),
(10, '', 'Medical Surgical Nursing - 1', 2, 1, '', 1),
(11, '', 'Pharmacology,Pathology & Genetics', 2, 1, '', 1),
(12, '', 'Community Health Nursing - 1', 2, 1, '', 1),
(13, '', 'Comunication & Education Technology', 2, 1, '', 1),
(14, '', 'Medical Surgical Nursing - 1', 2, 2, '', 1),
(15, '', 'Medical Surgical Nursing - 2', 3, 1, '', 1),
(16, '', 'Child Health Nursing', 3, 1, '', 1),
(17, '', 'Mental Health Nursing', 3, 1, '', 1),
(18, '', 'Medical Surgical Nursing - 2', 3, 2, '', 1),
(19, '', 'Child Health Nursing', 3, 2, '', 1),
(20, '', 'Mental Health Nursing', 3, 2, '', 1),
(21, '', 'Midwifery and Obsterical Nursing', 4, 1, '', 1),
(22, '', 'Community Health Nursinh - II', 4, 1, '', 1),
(23, '', 'Nursing Research & Statistics', 4, 1, '', 1),
(24, '', 'Management of Nursinh Services & Education', 4, 1, '', 1),
(25, '', 'Midwifery and Obsterical Nursing', 4, 2, '', 1),
(26, '', 'Community Health Nursinh - II', 4, 2, '', 1),
(27, '', 'Anatomy & Physiology', 5, 1, '', 1),
(28, '', 'Nutrition & Biochemistry', 5, 1, '', 1),
(29, '', 'Nursing Foundation', 5, 1, '', 1),
(30, '', 'Psychology', 5, 1, '', 1),
(31, '', 'Microbiology', 5, 1, '', 1),
(32, '', 'English', 5, 1, '', 1),
(33, '', 'Introduction to Computer', 5, 1, '', 1),
(34, '', 'Nursing Foundation', 5, 2, '', 1),
(35, '', 'Sociology', 6, 1, '', 1),
(36, '', 'Medical Surgical Nursing - 1', 6, 1, '', 1),
(37, '', 'Pharmacology,Pathology & Genetics', 6, 1, '', 1),
(38, '', 'Community Health Nursing - 1', 6, 1, '', 1),
(39, '', 'Comunication & Education Technology', 6, 1, '', 1),
(40, '', 'Medical Surgical Nursing - 1', 6, 2, '', 1),
(41, '', 'Medical Surgical Nursing - 2', 7, 1, '', 1),
(42, '', 'Child Health Nursing', 7, 1, '', 1),
(43, '', 'Mental Health Nursing', 7, 1, '', 1),
(44, '', 'Medical Surgical Nursing - 2', 7, 2, '', 1),
(45, '', 'Child Health Nursing', 7, 2, '', 1),
(46, '', 'Mental Health Nursing', 7, 2, '', 1),
(47, '', 'Midwifery and Obsterical Nursing', 8, 1, '', 1),
(48, '', 'Community Health Nursinh - II', 8, 1, '', 1),
(49, '', 'Nursing Research & Statistics', 8, 1, '', 1),
(50, '', 'Management of Nursinh Services & Education', 8, 1, '', 1),
(51, '', 'Midwifery and Obsterical Nursing', 8, 2, '', 1),
(52, '', 'Community Health Nursinh - II', 8, 2, '', 1),
(53, '', 'Anatomy & Physiology', 9, 1, '', 1),
(54, '', 'Nutrition & Biochemistry', 9, 1, '', 1),
(55, '', 'Nursing Foundation', 9, 1, '', 1),
(56, '', 'Psychology', 9, 1, '', 1),
(57, '', 'Microbiology', 9, 1, '', 1),
(58, '', 'English', 9, 1, '', 1),
(59, '', 'Introduction to Computer', 9, 1, '', 1),
(60, '', 'Nursing Foundation', 9, 2, '', 1),
(61, '', 'Sociology', 10, 1, '', 1),
(62, '', 'Medical Surgical Nursing - 1', 10, 1, '', 1),
(63, '', 'Pharmacology,Pathology & Genetics', 10, 1, '', 1),
(64, '', 'Community Health Nursing - 1', 10, 1, '', 1),
(65, '', 'Comunication & Education Technology', 10, 1, '', 1),
(66, '', 'Medical Surgical Nursing - 1', 10, 2, '', 1),
(67, '', 'Medical Surgical Nursing - 2', 11, 1, '', 1),
(68, '', 'Child Health Nursing', 11, 1, '', 1),
(69, '', 'Mental Health Nursing', 11, 1, '', 1),
(70, '', 'Medical Surgical Nursing - 2', 11, 2, '', 1),
(71, '', 'Child Health Nursing', 11, 2, '', 1),
(72, '', 'Mental Health Nursing', 11, 2, '', 1),
(73, '', 'Midwifery and Obsterical Nursing', 12, 1, '', 1),
(74, '', 'Community Health Nursinh - II', 12, 1, '', 1),
(75, '', 'Nursing Research & Statistics', 12, 1, '', 1),
(76, '', 'Management of Nursinh Services & Education', 12, 1, '', 1),
(77, '', 'Midwifery and Obsterical Nursing', 12, 2, '', 1),
(78, '', 'Community Health Nursinh - II', 12, 2, '', 1),
(79, '', 'Anatomy & Physiology', 13, 1, '', 1),
(80, '', 'Nutrition & Biochemistry', 13, 1, '', 1),
(81, '', 'Nursing Foundation', 13, 1, '', 1),
(82, '', 'Psychology', 13, 1, '', 1),
(83, '', 'Microbiology', 13, 1, '', 1),
(84, '', 'English', 13, 1, '', 1),
(85, '', 'Introduction to Computer', 13, 1, '', 1),
(86, '', 'Nursing Foundation', 13, 2, '', 1),
(87, '', 'Sociology', 14, 1, '', 1),
(88, '', 'Medical Surgical Nursing - 1', 14, 1, '', 1),
(89, '', 'Pharmacology,Pathology & Genetics', 14, 1, '', 1),
(90, '', 'Community Health Nursing - 1', 14, 1, '', 1),
(91, '', 'Comunication & Education Technology', 14, 1, '', 1),
(92, '', 'Medical Surgical Nursing - 1', 14, 2, '', 1),
(93, '', 'Medical Surgical Nursing - 2', 15, 1, '', 1),
(94, '', 'Child Health Nursing', 15, 1, '', 1),
(95, '', 'Mental Health Nursing', 15, 1, '', 1),
(96, '', 'Medical Surgical Nursing - 2', 15, 2, '', 1),
(97, '', 'Child Health Nursing', 15, 2, '', 1),
(98, '', 'Mental Health Nursing', 15, 2, '', 1),
(99, '', 'Midwifery and Obsterical Nursing', 16, 1, '', 1),
(100, '', 'Community Health Nursinh - II', 16, 1, '', 1),
(101, '', 'Nursing Research & Statistics', 16, 1, '', 1),
(102, '', 'Management of Nursinh Services & Education', 16, 1, '', 1),
(103, '', 'Midwifery and Obsterical Nursing', 16, 2, '', 1),
(104, '', 'Community Health Nursinh - II', 16, 2, '', 1),
(105, '', 'Nursing Education', 37, 1, '', 1),
(106, '', 'Advance Nursing Practice', 37, 1, '', 1),
(107, '', 'Research and Statistics', 37, 1, '', 1),
(108, '', 'Community Health Nursing', 37, 1, '', 1),
(109, '', 'Nursing Education', 37, 2, '', 1),
(110, '', 'Community Health Nursing', 37, 2, '', 1),
(111, '', 'Nursing Management', 38, 1, '', 1),
(112, '', 'Community Health Nursing', 38, 1, '', 1),
(113, '', 'Desertation Viva', 38, 2, '', 1),
(114, '', 'Community Health Nursing', 38, 2, '', 1),
(115, '', 'Nursing Education', 39, 1, '', 1),
(116, '', 'Advance Nursing Practice', 39, 1, '', 1),
(117, '', 'Research and Statistics', 39, 1, '', 1),
(118, '', 'Community Health Nursing', 39, 1, '', 1),
(119, '', 'Nursing Education', 39, 2, '', 1),
(120, '', 'Community Health Nursing', 39, 2, '', 1),
(121, '', 'Nursing Management', 40, 1, '', 1),
(122, '', 'Community Health Nursing', 40, 1, '', 1),
(123, '', 'Desertation Viva', 40, 2, '', 1),
(124, '', 'Community Health Nursing', 40, 2, '', 1),
(125, '', 'Nursing Education', 21, 1, '', 1),
(126, '', 'Advance Nursing Practice', 21, 1, '', 1),
(127, '', 'Research and Statistics', 21, 1, '', 1),
(128, '', 'Medical Surgical Nursing', 21, 1, '', 1),
(129, '', 'Nursing Education', 21, 2, '', 1),
(130, '', 'Medical Surgical Nursing', 21, 2, '', 1),
(131, '', 'Nursing Management', 22, 1, '', 1),
(132, '', 'Medical Surgical Nursing', 22, 1, '', 1),
(133, '', 'Desertation Viva', 22, 2, '', 1),
(134, '', 'Medical Surgical Nursing', 22, 2, '', 1),
(135, '', 'Nursing Education', 23, 1, '', 1),
(136, '', 'Advance Nursing Practice', 23, 1, '', 1),
(137, '', 'Research and Statistics', 23, 1, '', 1),
(138, '', 'Medical Surgical Nursing', 23, 1, '', 1),
(139, '', 'Nursing Education', 23, 2, '', 1),
(140, '', 'Medical Surgical Nursing', 23, 2, '', 1),
(141, '', 'Nursing Management', 24, 1, '', 1),
(142, '', 'Medical Surgical Nursing', 24, 1, '', 1),
(143, '', 'Desertation Viva', 24, 2, '', 1),
(144, '', 'Medical Surgical Nursing', 24, 2, '', 1),
(145, '', 'Nursing Education', 25, 1, '', 1),
(146, '', 'Advance Nursing Practice', 25, 1, '', 1),
(147, '', 'Research and Statistics', 25, 1, '', 1),
(148, '', 'Obstetrics and Gynaecological Nursing', 25, 1, '', 1),
(149, '', 'Nursing Education', 25, 2, '', 1),
(150, '', 'Obstetrics and Gynaecological Nursing', 25, 2, '', 1),
(151, '', 'Nursing Management', 26, 1, '', 1),
(152, '', 'Obstetrics and Gynaecological Nursing', 26, 1, '', 1),
(153, '', 'Desertation Viva', 26, 2, '', 1),
(154, '', 'Obstetrics and Gynaecological Nursing', 26, 2, '', 1),
(155, '', 'Nursing Education', 27, 1, '', 1),
(156, '', 'Advance Nursing Practice', 27, 1, '', 1),
(157, '', 'Research and Statistics', 27, 1, '', 1),
(158, '', 'Obstetrics and Gynaecological Nursing', 27, 1, '', 1),
(159, '', 'Nursing Education', 27, 2, '', 1),
(160, '', 'Obstetrics and Gynaecological Nursing', 27, 2, '', 1),
(161, '', 'Nursing Management', 28, 1, '', 1),
(162, '', 'Obstetrics and Gynaecological Nursing', 28, 1, '', 1),
(163, '', 'Desertation Viva', 28, 2, '', 1),
(164, '', 'Obstetrics and Gynaecological Nursing', 28, 2, '', 1),
(165, '', 'Nursing Education', 29, 1, '', 1),
(166, '', 'Advance Nursing Practice', 29, 1, '', 1),
(167, '', 'Research and Statistics', 29, 1, '', 1),
(168, '', 'Paediatric Nursing', 29, 1, '', 1),
(169, '', 'Nursing Education', 29, 2, '', 1),
(170, '', 'Paediatric Nursing', 29, 2, '', 1),
(171, '', 'Nursing Management', 30, 1, '', 1),
(172, '', 'Paediatric Nursing', 30, 1, '', 1),
(173, '', 'Desertation Viva', 30, 2, '', 1),
(174, '', 'Paediatric Nursing', 30, 2, '', 1),
(175, '', 'Nursing Education', 31, 1, '', 1),
(176, '', 'Advance Nursing Practice', 31, 1, '', 1),
(177, '', 'Research and Statistics', 31, 1, '', 1),
(178, '', 'Paediatric Nursing', 31, 1, '', 1),
(179, '', 'Nursing Education', 31, 2, '', 1),
(180, '', 'Paediatric Nursing', 31, 2, '', 1),
(181, '', 'Nursing Management', 32, 1, '', 1),
(182, '', 'Paediatric Nursing', 32, 1, '', 1),
(183, '', 'Desertation Viva', 32, 2, '', 1),
(184, '', 'Paediatric Nursing', 32, 2, '', 1),
(185, '', 'Nursing Education', 33, 1, '', 1),
(186, '', 'Advance Nursing Practice', 33, 1, '', 1),
(187, '', 'Research and Statistics', 33, 1, '', 1),
(188, '', 'Psychiatric Nursing', 33, 1, '', 1),
(189, '', 'Nursing Education', 33, 2, '', 1),
(190, '', 'Psychiatric Nursing', 33, 2, '', 1),
(191, '', 'Nursing Management', 34, 1, '', 1),
(192, '', 'Psychiatric Nursing', 34, 1, '', 1),
(193, '', 'Desertation Viva', 34, 2, '', 1),
(194, '', 'Psychiatric Nursing', 34, 2, '', 1),
(195, '', 'Nursing Education', 35, 1, '', 1),
(196, '', 'Advance Nursing Practice', 35, 1, '', 1),
(197, '', 'Research and Statistics', 35, 1, '', 1),
(198, '', 'Psychiatric Nursing', 35, 1, '', 1),
(199, '', 'Nursing Education', 35, 2, '', 1),
(200, '', 'Psychiatric Nursing', 35, 2, '', 1),
(201, '', 'Nursing Management', 36, 1, '', 1),
(202, '', 'Psychiatric Nursing', 36, 1, '', 1),
(203, '', 'Desertation Viva', 36, 2, '', 1),
(204, '', 'Psychiatric Nursing', 36, 2, '', 1),
(205, '', 'Nursing Foundation', 17, 1, '', 1),
(206, '', 'Nursing & Dietetics', 17, 1, '', 1),
(207, '', 'Biochemistry & Biophysics', 17, 1, '', 1),
(208, '', 'Psychology', 17, 1, '', 1),
(209, '', 'Microbiology', 17, 1, '', 1),
(210, '', 'Maternal Nursing', 17, 1, '', 1),
(211, '', 'Child Health Nursing', 17, 1, '', 1),
(212, '', 'Medical & Surgical Nursing', 17, 1, '', 1),
(213, '', 'English (Qualifying)', 17, 1, '', 1),
(214, '', 'Medical & Surgical Nursing', 17, 2, '', 1),
(215, '', 'Child Health Nursing', 17, 2, '', 1),
(216, '', 'Mental Health Nursing', 17, 2, '', 1),
(217, '', 'Sociology', 18, 1, '', 1),
(218, '', 'Community Health Nursing', 18, 1, '', 1),
(219, '', 'Mental Health Nursing', 18, 1, '', 1),
(220, '', 'Introduction Nursing Education', 18, 1, '', 1),
(221, '', 'Introduction to nuring Administratin', 18, 1, '', 1),
(222, '', 'Introduction to Nursing Research & Statistics', 18, 1, '', 1),
(223, '', 'Community Health Nursing', 18, 2, '', 1),
(224, '', 'Mental Health Nursing', 18, 2, '', 1),
(225, '', 'Research report', 18, 2, '', 1),
(226, '', 'Nursing Foundation', 19, 1, '', 1),
(227, '', 'Nursing & Dietetics', 19, 1, '', 1),
(228, '', 'Biochemistry & Biophysics', 19, 1, '', 1),
(229, '', 'Psychology', 19, 1, '', 1),
(230, '', 'Microbiology', 19, 1, '', 1),
(231, '', 'Maternal Nursing', 19, 1, '', 1),
(232, '', 'Child Health Nursing', 19, 1, '', 1),
(233, '', 'Medical & Surgical Nursing', 19, 1, '', 1),
(234, '', 'English (Qualifying)', 19, 1, '', 1),
(235, '', 'Medical & Surgical Nursing', 19, 2, '', 1),
(236, '', 'Child Health Nursing', 19, 2, '', 1),
(237, '', 'Mental Health Nursing', 19, 2, '', 1),
(238, '', 'Sociology', 20, 1, '', 1),
(239, '', 'Community Health Nursing', 20, 1, '', 1),
(240, '', 'Mental Health Nursing', 20, 1, '', 1),
(241, '', 'Introduction Nursing Education', 20, 1, '', 1),
(242, '', 'Introduction to nuring Administratin', 20, 1, '', 1),
(243, '', 'Introduction to Nursing Research & Statistics', 20, 1, '', 1),
(244, '', 'Community Health Nursing', 20, 2, '', 1),
(245, '', 'Mental Health Nursing', 20, 2, '', 1),
(246, '', 'Research report', 20, 2, '', 1),
(247, '', 'Anatomy & Phisiology, Microbiology', 41, 1, '', 1),
(248, '', 'Psychology Sociology ', 41, 1, '', 1),
(249, '', 'Fundamentals of Nursing, First Aid , Personal Hygiene', 41, 1, '', 1),
(250, '', 'Community Health Nursing - 1 Environmental Hygiene, Health E', 41, 1, '', 1),
(251, '', 'Nursing Foundation', 41, 1, '', 1),
(252, '', 'MSN - I', 42, 2, '', 1),
(253, '', 'MSN - II', 42, 1, '', 1),
(254, '', 'Mental Health Nursing', 42, 1, '', 1),
(255, '', 'Child Health Nursing', 42, 1, '', 1),
(256, '', 'Psychiatric Nursing', 42, 2, '', 1),
(257, '', 'Child Health Nursing', 42, 2, '', 1),
(258, '', 'MSN', 42, 2, '', 1),
(259, '', 'Midwifery & Gynaecology', 43, 1, '', 1),
(260, '', 'Community Health Nursing -II', 43, 1, '', 1),
(261, '', 'Midwifery & Gynaecology', 43, 2, '', 1),
(262, '', 'Community Health Nursing -II', 43, 2, '', 1),
(263, '', 'Anatomy & Phisiology, Microbiology', 44, 1, '', 1),
(264, '', 'Psychology Sociology ', 44, 1, '', 1),
(265, '', 'Fundamentals of Nursing, First Aid , Personal Hygiene', 44, 1, '', 1),
(266, '', 'Community Health Nursing - 1 Environmental Hygiene, Health E', 44, 1, '', 1),
(267, '', 'Nursing Foundation', 44, 1, '', 1),
(268, '', 'MSN - I', 45, 2, '', 1),
(269, '', 'MSN - II', 45, 1, '', 1),
(270, '', 'Mental Health Nursing', 45, 1, '', 1),
(271, '', 'Child Health Nursing', 45, 1, '', 1),
(272, '', 'Psychiatric Nursing', 45, 2, '', 1),
(273, '', 'Child Health Nursing', 45, 2, '', 1),
(274, '', 'MSN', 45, 2, '', 1),
(275, '', 'Midwifery & Gynaecology', 46, 1, '', 1),
(276, '', 'Community Health Nursing -II', 46, 1, '', 1),
(277, '', 'Midwifery & Gynaecology', 46, 2, '', 1),
(278, '', 'Community Health Nursing -II', 46, 2, '', 1),
(279, '', 'Anatomy & Phisiology, Microbiology', 47, 1, '', 1),
(280, '', 'Psychology Sociology ', 47, 1, '', 1),
(281, '', 'Fundamentals of Nursing, First Aid , Personal Hygiene', 47, 1, '', 1),
(282, '', 'Community Health Nursing - 1 Environmental Hygiene, Health E', 47, 1, '', 1),
(283, '', 'Nursing Foundation', 47, 1, '', 1),
(284, '', 'MSN - I', 48, 2, '', 1),
(285, '', 'MSN - II', 48, 1, '', 1),
(286, '', 'Mental Health Nursing', 48, 1, '', 1),
(287, '', 'Child Health Nursing', 48, 1, '', 1),
(288, '', 'Psychiatric Nursing', 48, 2, '', 1),
(289, '', 'Child Health Nursing', 48, 2, '', 1),
(290, '', 'MSN', 48, 2, '', 1),
(291, '', 'Midwifery & Gynaecology', 49, 1, '', 1),
(292, '', 'Community Health Nursing -II', 49, 1, '', 1),
(293, '', 'Midwifery & Gynaecology', 49, 2, '', 1),
(294, '', 'Community Health Nursing -II', 49, 2, '', 1),
(295, '', 'Anatomy & Phisiology, Microbiology', 50, 1, '', 1),
(296, '', 'Psychology Sociology ', 50, 1, '', 1),
(297, '', 'Fundamentals of Nursing, First Aid , Personal Hygiene', 50, 1, '', 1),
(298, '', 'Community Health Nursing - 1 Environmental Hygiene, Health E', 50, 1, '', 1),
(299, '', 'Nursing Foundation', 50, 1, '', 1),
(300, '', 'MSN - I', 51, 2, '', 1),
(301, '', 'MSN - II', 51, 1, '', 1),
(302, '', 'Mental Health Nursing', 51, 1, '', 1),
(303, '', 'Child Health Nursing', 51, 1, '', 1),
(304, '', 'Psychiatric Nursing', 51, 2, '', 1),
(305, '', 'Child Health Nursing', 51, 2, '', 1),
(306, '', 'MSN', 51, 2, '', 1),
(307, '', 'Midwifery & Gynaecology', 52, 1, '', 1),
(308, '', 'Community Health Nursing -II', 52, 1, '', 1),
(309, '', 'Midwifery & Gynaecology', 52, 2, '', 1),
(310, '', 'Community Health Nursing -II', 52, 2, '', 1),
(311, '', 'Anatomy & Phisiology, Microbiology', 53, 1, '', 1),
(312, '', 'Psychology Sociology ', 53, 1, '', 1),
(313, '', 'Fundamentals of Nursing, First Aid , Personal Hygiene', 53, 1, '', 1),
(314, '', 'Community Health Nursing - 1 Environmental Hygiene, Health E', 53, 1, '', 1),
(315, '', 'Nursing Foundation', 53, 1, '', 1),
(316, '', 'MSN - I', 54, 2, '', 1),
(317, '', 'MSN - II', 54, 1, '', 1),
(318, '', 'Mental Health Nursing', 54, 1, '', 1),
(319, '', 'Child Health Nursing', 54, 1, '', 1),
(320, '', 'Psychiatric Nursing', 54, 2, '', 1),
(321, '', 'Child Health Nursing', 54, 2, '', 1),
(322, '', 'MSN', 54, 2, '', 1),
(323, '', 'Midwifery & Gynaecology', 55, 1, '', 1),
(324, '', 'Community Health Nursing -II', 55, 1, '', 1),
(325, '', 'Midwifery & Gynaecology', 55, 2, '', 1),
(326, '', 'Community Health Nursing -II', 55, 2, '', 1),
(327, '', 'Anatomy & Phisiology, Microbiology', 56, 1, '', 1),
(328, '', 'Psychology Sociology ', 56, 1, '', 1),
(329, '', 'Fundamentals of Nursing, First Aid , Personal Hygiene', 56, 1, '', 1),
(330, '', 'Community Health Nursing - 1 Environmental Hygiene, Health E', 56, 1, '', 1),
(331, '', 'Nursing Foundation', 56, 1, '', 1),
(332, '', 'MSN - I', 57, 2, '', 1),
(333, '', 'MSN - II', 57, 1, '', 1),
(334, '', 'Mental Health Nursing', 57, 1, '', 1),
(335, '', 'Child Health Nursing', 57, 1, '', 1),
(336, '', 'Psychiatric Nursing', 57, 2, '', 1),
(337, '', 'Child Health Nursing', 57, 2, '', 1),
(338, '', 'MSN', 57, 2, '', 1),
(339, '', 'Midwifery & Gynaecology', 58, 1, '', 1),
(340, '', 'Community Health Nursing -II', 58, 1, '', 1),
(341, '', 'Midwifery & Gynaecology', 58, 2, '', 1),
(342, '', 'Community Health Nursing -II', 58, 2, '', 1);

-- --------------------------------------------------------

--
-- Table structure for table `subject_type`
--

CREATE TABLE `subject_type` (
  `subject_type_id` int(11) NOT NULL,
  `subject_type_name` varchar(15) NOT NULL
) ENGINE=InnoDB DEFAULT CHARSET=utf8;

--
-- Dumping data for table `subject_type`
--

INSERT INTO `subject_type` (`subject_type_id`, `subject_type_name`) VALUES
(2, 'Practical / Lab'),
(1, 'Theory');

-- --------------------------------------------------------

--
-- Table structure for table `timetable`
--

CREATE TABLE `timetable` (
  `timetable_id` int(11) NOT NULL,
  `course_batch_id` int(11) DEFAULT NULL,
  `batch_year_id` int(11) DEFAULT NULL,
  `day` int(11) DEFAULT NULL,
  `timing_id` int(11) DEFAULT NULL,
  `faculty_dep_id` int(11) DEFAULT NULL,
  `faculty_id` int(11) DEFAULT NULL,
  `subject_id` int(11) DEFAULT NULL,
  `date` date NOT NULL,
  `comments` varchar(75) DEFAULT NULL
) ENGINE=InnoDB DEFAULT CHARSET=utf8 COMMENT='Faculty timetable for classes and other activities.';

--
-- Dumping data for table `timetable`
--

INSERT INTO `timetable` (`timetable_id`, `course_batch_id`, `batch_year_id`, `day`, `timing_id`, `faculty_dep_id`, `faculty_id`, `subject_id`, `date`, `comments`) VALUES
(1, 8, 13, 1, 1, NULL, 6, 79, '2020-01-06', NULL),
(2, 8, 13, 2, 1, NULL, 6, 79, '2020-01-07', NULL),
(3, 8, 13, 3, 1, NULL, 6, 81, '2020-01-08', NULL),
(4, 8, 13, 4, 1, NULL, 6, 83, '2020-01-09', NULL),
(5, 8, 13, 5, 1, NULL, 6, 82, '2020-01-10', NULL),
(6, 8, 13, 6, 1, NULL, 6, 84, '2020-01-11', NULL),
(7, 8, 13, 7, 1, NULL, NULL, NULL, '2020-01-12', NULL),
(8, 8, 13, 1, 2, NULL, NULL, NULL, '2020-01-06', NULL),
(9, 8, 13, 2, 2, NULL, NULL, NULL, '2020-01-07', NULL),
(10, 8, 13, 3, 2, NULL, NULL, NULL, '2020-01-08', NULL),
(11, 8, 13, 4, 2, NULL, NULL, NULL, '2020-01-09', NULL),
(12, 8, 13, 5, 2, NULL, NULL, NULL, '2020-01-10', NULL),
(13, 8, 13, 6, 2, NULL, NULL, NULL, '2020-01-11', NULL),
(14, 8, 13, 7, 2, NULL, NULL, NULL, '2020-01-12', NULL),
(15, 8, 13, 1, 3, NULL, NULL, NULL, '2020-01-06', NULL),
(16, 8, 13, 2, 3, NULL, NULL, NULL, '2020-01-07', NULL),
(17, 8, 13, 3, 3, NULL, NULL, NULL, '2020-01-08', NULL),
(18, 8, 13, 4, 3, NULL, NULL, NULL, '2020-01-09', NULL),
(19, 8, 13, 5, 3, NULL, NULL, NULL, '2020-01-10', NULL),
(20, 8, 13, 6, 3, NULL, NULL, NULL, '2020-01-11', NULL),
(21, 8, 13, 7, 3, NULL, NULL, NULL, '2020-01-12', NULL),
(22, 8, 13, 1, 4, NULL, NULL, NULL, '2020-01-06', NULL),
(23, 8, 13, 2, 4, NULL, NULL, NULL, '2020-01-07', NULL),
(24, 8, 13, 3, 4, NULL, NULL, NULL, '2020-01-08', NULL),
(25, 8, 13, 4, 4, NULL, NULL, NULL, '2020-01-09', NULL),
(26, 8, 13, 5, 4, NULL, NULL, NULL, '2020-01-10', NULL),
(27, 8, 13, 6, 4, NULL, NULL, NULL, '2020-01-11', NULL),
(28, 8, 13, 7, 4, NULL, NULL, NULL, '2020-01-12', NULL),
(29, 8, 13, 1, 5, NULL, NULL, NULL, '2020-01-06', NULL),
(30, 8, 13, 2, 5, NULL, NULL, NULL, '2020-01-07', NULL),
(31, 8, 13, 3, 5, NULL, NULL, NULL, '2020-01-08', NULL),
(32, 8, 13, 4, 5, NULL, NULL, NULL, '2020-01-09', NULL),
(33, 8, 13, 5, 5, NULL, NULL, NULL, '2020-01-10', NULL),
(34, 8, 13, 6, 5, NULL, NULL, NULL, '2020-01-11', NULL),
(35, 8, 13, 7, 5, NULL, NULL, NULL, '2020-01-12', NULL),
(36, 8, 13, 1, 6, NULL, NULL, NULL, '2020-01-06', NULL),
(37, 8, 13, 2, 6, NULL, NULL, NULL, '2020-01-07', NULL),
(38, 8, 13, 3, 6, NULL, NULL, NULL, '2020-01-08', NULL),
(39, 8, 13, 4, 6, NULL, NULL, NULL, '2020-01-09', NULL),
(40, 8, 13, 5, 6, NULL, NULL, NULL, '2020-01-10', NULL),
(41, 8, 13, 6, 6, NULL, NULL, NULL, '2020-01-11', NULL),
(42, 8, 13, 7, 6, NULL, NULL, NULL, '2020-01-12', NULL),
(43, 8, 13, 1, 7, NULL, NULL, NULL, '2020-01-06', NULL),
(44, 8, 13, 2, 7, NULL, NULL, NULL, '2020-01-07', NULL),
(45, 8, 13, 3, 7, NULL, NULL, NULL, '2020-01-08', NULL),
(46, 8, 13, 4, 7, NULL, NULL, NULL, '2020-01-09', NULL),
(47, 8, 13, 5, 7, NULL, NULL, NULL, '2020-01-10', NULL),
(48, 8, 13, 6, 7, NULL, NULL, NULL, '2020-01-11', NULL),
(49, 8, 13, 7, 7, NULL, NULL, NULL, '2020-01-12', NULL),
(50, 5, 4, 1, 8, NULL, NULL, NULL, '2020-01-06', NULL),
(51, 5, 4, 2, 8, NULL, NULL, NULL, '2020-01-07', NULL),
(52, 5, 4, 3, 8, NULL, NULL, NULL, '2020-01-08', NULL),
(53, 5, 4, 4, 8, NULL, NULL, NULL, '2020-01-09', NULL),
(54, 5, 4, 5, 8, NULL, NULL, NULL, '2020-01-10', NULL),
(55, 5, 4, 6, 8, NULL, NULL, NULL, '2020-01-11', NULL),
(56, 5, 4, 7, 8, NULL, NULL, NULL, '2020-01-12', NULL),
(57, 5, 4, 1, 9, NULL, NULL, NULL, '2020-01-06', NULL),
(58, 5, 4, 2, 9, NULL, NULL, NULL, '2020-01-07', NULL),
(59, 5, 4, 3, 9, NULL, NULL, NULL, '2020-01-08', NULL),
(60, 5, 4, 4, 9, NULL, NULL, NULL, '2020-01-09', NULL),
(61, 5, 4, 5, 9, NULL, NULL, NULL, '2020-01-10', NULL),
(62, 5, 4, 6, 9, NULL, NULL, NULL, '2020-01-11', NULL),
(63, 5, 4, 7, 9, NULL, NULL, NULL, '2020-01-12', NULL),
(64, 5, 4, 1, 10, NULL, NULL, NULL, '2020-01-06', NULL),
(65, 5, 4, 2, 10, NULL, NULL, NULL, '2020-01-07', NULL),
(66, 5, 4, 3, 10, NULL, NULL, NULL, '2020-01-08', NULL),
(67, 5, 4, 4, 10, NULL, NULL, NULL, '2020-01-09', NULL),
(68, 5, 4, 5, 10, NULL, NULL, NULL, '2020-01-10', NULL),
(69, 5, 4, 6, 10, NULL, NULL, NULL, '2020-01-11', NULL),
(70, 5, 4, 7, 10, NULL, NULL, NULL, '2020-01-12', NULL),
(71, 5, 4, 1, 11, NULL, NULL, NULL, '2020-01-06', NULL),
(72, 5, 4, 2, 11, NULL, NULL, NULL, '2020-01-07', NULL),
(73, 5, 4, 3, 11, NULL, NULL, NULL, '2020-01-08', NULL),
(74, 5, 4, 4, 11, NULL, NULL, NULL, '2020-01-09', NULL),
(75, 5, 4, 5, 11, NULL, NULL, NULL, '2020-01-10', NULL),
(76, 5, 4, 6, 11, NULL, NULL, NULL, '2020-01-11', NULL),
(77, 5, 4, 7, 11, NULL, NULL, NULL, '2020-01-12', NULL),
(78, 5, 4, 1, 12, NULL, NULL, NULL, '2020-01-06', NULL),
(79, 5, 4, 2, 12, NULL, NULL, NULL, '2020-01-07', NULL),
(80, 5, 4, 3, 12, NULL, NULL, NULL, '2020-01-08', NULL),
(81, 5, 4, 4, 12, NULL, NULL, NULL, '2020-01-09', NULL),
(82, 5, 4, 5, 12, NULL, NULL, NULL, '2020-01-10', NULL),
(83, 5, 4, 6, 12, NULL, NULL, NULL, '2020-01-11', NULL),
(84, 5, 4, 7, 12, NULL, NULL, NULL, '2020-01-12', NULL),
(85, 5, 4, 1, 13, NULL, NULL, NULL, '2020-01-06', NULL),
(86, 5, 4, 2, 13, NULL, NULL, NULL, '2020-01-07', NULL),
(87, 5, 4, 3, 13, NULL, NULL, NULL, '2020-01-08', NULL),
(88, 5, 4, 4, 13, NULL, NULL, NULL, '2020-01-09', NULL),
(89, 5, 4, 5, 13, NULL, NULL, NULL, '2020-01-10', NULL),
(90, 5, 4, 6, 13, NULL, NULL, NULL, '2020-01-11', NULL),
(91, 5, 4, 7, 13, NULL, NULL, NULL, '2020-01-12', NULL),
(92, 5, 4, 1, 14, NULL, NULL, NULL, '2020-01-06', NULL),
(93, 5, 4, 2, 14, NULL, NULL, NULL, '2020-01-07', NULL),
(94, 5, 4, 3, 14, NULL, NULL, NULL, '2020-01-08', NULL),
(95, 5, 4, 4, 14, NULL, NULL, NULL, '2020-01-09', NULL),
(96, 5, 4, 5, 14, NULL, NULL, NULL, '2020-01-10', NULL),
(97, 5, 4, 6, 14, NULL, NULL, NULL, '2020-01-11', NULL),
(98, 5, 4, 7, 14, NULL, NULL, NULL, '2020-01-12', NULL);

-- --------------------------------------------------------

--
-- Table structure for table `timetable_timing`
--

CREATE TABLE `timetable_timing` (
  `timing_id` int(11) NOT NULL,
  `start_time` time NOT NULL,
  `end_time` time NOT NULL,
  `type` varchar(20) NOT NULL
) ENGINE=InnoDB DEFAULT CHARSET=utf8 COMMENT='Stores timetable period timings and other schedule timing details.';

--
-- Dumping data for table `timetable_timing`
--

INSERT INTO `timetable_timing` (`timing_id`, `start_time`, `end_time`, `type`) VALUES
(1, '09:30:00', '10:30:00', 'Regular'),
(2, '10:30:00', '11:30:00', 'Regular'),
(3, '11:30:00', '12:30:00', 'Regular'),
(4, '12:30:00', '13:30:00', 'Lunch'),
(5, '13:30:00', '14:30:00', 'Regular'),
(6, '14:30:00', '15:30:00', 'Regular'),
(7, '15:30:00', '16:30:00', 'Regular'),
(8, '09:30:00', '10:30:00', 'Regular'),
(9, '10:30:00', '11:30:00', 'Regular'),
(10, '11:30:00', '12:30:00', 'Regular'),
(11, '12:30:00', '13:30:00', 'Lunch'),
(12, '13:30:00', '14:30:00', 'Regular'),
(13, '14:30:00', '15:30:00', 'Regular'),
(14, '15:30:00', '16:30:00', 'Regular');

-- --------------------------------------------------------

--
-- Table structure for table `user`
--

CREATE TABLE `user` (
  `user_id` int(11) NOT NULL,
  `user_type_id` int(11) NOT NULL,
  `unique_id` varchar(45) DEFAULT NULL COMMENT 'unique id such as StudentId,StaffId etc..',
  `univ_register_number` varchar(100) DEFAULT NULL,
  `username` varchar(45) NOT NULL,
  `password` varchar(60) NOT NULL,
  `first_name` varchar(45) DEFAULT NULL,
  `middle_name` varchar(45) DEFAULT NULL,
  `last_name` varchar(45) DEFAULT NULL,
  `dob` date DEFAULT NULL,
  `gender_id` int(11) NOT NULL,
  `blood_group_id` int(11) DEFAULT NULL,
  `seat_type_id` int(11) DEFAULT NULL,
  `photo` varchar(255) DEFAULT NULL,
  `photo_type` varchar(5) DEFAULT NULL,
  `address_id` int(11) DEFAULT NULL,
  `landline_no` varchar(15) DEFAULT NULL,
  `mobile_no` varchar(15) DEFAULT NULL,
  `office_no` varchar(15) DEFAULT NULL,
  `fax_no` varchar(15) DEFAULT NULL,
  `email_address` varchar(50) DEFAULT NULL,
  `department_id` int(11) DEFAULT NULL,
  `designation_id` int(11) DEFAULT NULL,
  `role_id` int(11) NOT NULL DEFAULT '2',
  `joining_date` date DEFAULT NULL,
  `relieving_date` date DEFAULT NULL,
  `inserted_date` datetime NOT NULL DEFAULT CURRENT_TIMESTAMP,
  `updated_date` datetime NOT NULL DEFAULT CURRENT_TIMESTAMP,
  `status` bit(1) NOT NULL DEFAULT b'0'
) ENGINE=InnoDB DEFAULT CHARSET=utf8;

--
-- Dumping data for table `user`
--

INSERT INTO `user` (`user_id`, `user_type_id`, `unique_id`, `univ_register_number`, `username`, `password`, `first_name`, `middle_name`, `last_name`, `dob`, `gender_id`, `blood_group_id`, `seat_type_id`, `photo`, `photo_type`, `address_id`, `landline_no`, `mobile_no`, `office_no`, `fax_no`, `email_address`, `department_id`, `designation_id`, `role_id`, `joining_date`, `relieving_date`, `inserted_date`, `updated_date`, `status`) VALUES
(6, 1, '542089', NULL, 'admin', '4bc48e00300464d2670958ab3c8982ea', 'Admin', NULL, 'Admin', '1981-05-08', 2, NULL, NULL, NULL, NULL, NULL, NULL, '1478523690', NULL, NULL, 'spriyan.net@gmail.com', NULL, NULL, 1, NULL, NULL, '2019-04-11 12:13:37', '2019-04-11 12:13:37', b'1'),
(7, 6, NULL, NULL, 'Remya', 'ec04eaaee266dbaffd1e8fedc44cd670', 'Remya', NULL, 'Raveendran', '1983-07-07', 2, NULL, NULL, NULL, NULL, NULL, NULL, '1478523690', NULL, NULL, 'test@gmail.com', NULL, NULL, 2, NULL, NULL, '2019-05-01 23:38:05', '2019-05-01 23:38:05', b'1'),
(8, 1, '813675', NULL, 'george', 'cbaf1919e1f3543c1834fec83aac4124', 'George', NULL, 'Thomas', '1985-06-04', 1, NULL, NULL, NULL, NULL, NULL, NULL, '1478523690', NULL, NULL, 'test@gmail.com', NULL, NULL, 1, NULL, NULL, '2019-05-02 02:38:51', '2019-05-02 02:38:51', b'1'),
(9, 1, NULL, NULL, 'sunojm', '92ffcc3d5edba01d195c7e387f671d12', 'Sunoj', NULL, 'Mathew', '1982-10-25', 1, NULL, NULL, NULL, NULL, NULL, NULL, '1478523690', NULL, NULL, 'test@gmail.com', NULL, NULL, 1, NULL, NULL, '2019-05-02 02:52:34', '2019-05-02 02:52:34', b'1'),
(10, 6, '961875', NULL, 'Shajra786', '4784c05f331b348b9d45483d329ce312', 'Shajrathaddur', '', 'Khan', '1998-01-11', 2, NULL, NULL, NULL, NULL, NULL, '', '1478523690', '', '', 'test@gmail.com', 7, 10022, 2, '2017-09-07', '0000-00-00', '2019-05-03 02:02:24', '2019-05-03 02:02:24', b'1'),
(11, 6, '029543', NULL, 'gretta123', 'b139fdafa77f0716de4259becb9df3fe', 'Gretta', '', 'D Almeida', '1969-07-23', 2, NULL, NULL, 'gretta_d_almeida.jpg', NULL, NULL, '', '1478523690', '', '', 'test@gmail.com', 7, 10024, 2, '2017-04-03', '0000-00-00', '2019-05-03 02:05:05', '2019-05-03 02:05:05', b'1'),
(12, 6, '632780', NULL, 'hemalatha', '7a179e2e2cdd893e7f13e4d070dee850', 'HEMA', NULL, 'LATHA', '1975-07-16', 2, NULL, NULL, NULL, NULL, NULL, NULL, '1478523690', NULL, NULL, 'test@gmail.com', NULL, NULL, 2, NULL, NULL, '2019-05-03 02:08:19', '2019-05-03 02:08:19', b'1'),
(13, 3, NULL, NULL, 'vallalson', 'ef18f6109d58cb45b23eac6c8920de2f', 'KARTHIKEYA', NULL, 'PRASATH', '1980-02-13', 1, NULL, NULL, NULL, NULL, NULL, NULL, '1478523690', NULL, NULL, 'test@gmail.com', NULL, NULL, 2, NULL, NULL, '2019-05-17 23:42:06', '2019-05-17 23:42:06', b'1'),
(14, 3, NULL, NULL, 'viji', 'fc5a9c5514f1d72c08349c488a2bf821', 'VIJAYALAKSHMI J', NULL, 'VASANTH', '1982-11-02', 2, NULL, NULL, NULL, NULL, NULL, NULL, '1478523690', NULL, NULL, 'test@gmail.com', NULL, NULL, 2, NULL, NULL, '2019-09-03 23:35:05', '2019-09-03 23:35:05', b'0'),
(15, 3, NULL, NULL, 'Swapna', '1787f45088ea66fe34f974704abde7ff', 'SWAPNA MARY', NULL, 'AVIRAH', '1976-04-30', 2, NULL, NULL, NULL, NULL, NULL, NULL, '1478523690', NULL, NULL, 'test@gmail.com', NULL, NULL, 2, NULL, NULL, '2019-09-03 23:39:14', '2019-09-03 23:39:14', b'0'),
(16, 3, NULL, NULL, 'steffi', '9ff124280018c72085bd3647c3542ec3', 'steffi', NULL, 'elizabeth', '1987-10-06', 2, NULL, NULL, NULL, NULL, NULL, NULL, '1478523690', NULL, NULL, 'test@gmail.com', NULL, NULL, 2, NULL, NULL, '2019-09-03 23:42:42', '2019-09-03 23:42:42', b'0'),
(17, 3, NULL, NULL, 'jasmin', 'c677901e8baa1f96025f0938a4cd0423', 'Jain Jasmin', NULL, 'Joy', '1981-01-01', 2, NULL, NULL, NULL, NULL, NULL, NULL, '1478523690', NULL, NULL, 'test@gmail.com', NULL, NULL, 2, NULL, NULL, '2019-09-03 23:44:03', '2019-09-03 23:44:03', b'0'),
(18, 3, NULL, NULL, 'joshi', '5cca1da1eec3e63f6083664010754bc1', 'Raghavendra', NULL, 'Joshi', '1987-04-22', 1, NULL, NULL, NULL, NULL, NULL, NULL, '1478523690', NULL, NULL, 'test@gmail.com', NULL, NULL, 2, NULL, NULL, '2019-09-03 23:47:25', '2019-09-03 23:47:25', b'0'),
(19, 3, NULL, NULL, 'jolly3661', '70dff20a653b58aa1935937dbc7f6c05', 'JOLLY', NULL, 'JOSEPH', '1978-05-13', 2, NULL, NULL, NULL, NULL, NULL, NULL, '1478523690', NULL, NULL, 'test@gmail.com', NULL, NULL, 2, NULL, NULL, '2019-09-03 23:51:11', '2019-09-03 23:51:11', b'0'),
(20, 4, NULL, NULL, 'SHIVU', '31d64506e235e00015dd54911519c2f1', 'SHIVA KUMAR V', NULL, 'VENKATESH', '1979-06-20', 1, NULL, NULL, NULL, NULL, NULL, NULL, '1478523690', NULL, NULL, 'test@gmail.com', NULL, NULL, 2, NULL, NULL, '2019-09-03 23:55:34', '2019-09-03 23:55:34', b'0'),
(21, 4, NULL, NULL, 'gururaja54', '3e6824d8c6144a9fd19e62e7d0c3de8d', 'Guru Raja', NULL, 'S K', '1990-12-15', 1, NULL, NULL, NULL, NULL, NULL, NULL, '1478523690', NULL, NULL, 'test@gmail.com', NULL, NULL, 2, NULL, NULL, '2019-09-04 00:22:44', '2019-09-04 00:22:44', b'0'),
(22, 7, '913506', NULL, 'poornimav', '118a98f1b38f1c95a1bfd1c0b0c28d7e', 'Poornima', 'V', 'Yadhav', '1982-11-01', 2, NULL, NULL, NULL, NULL, NULL, '1478523690', '1478523690', '1478523690', '', 'test@gmail.com', 7, 10021, 2, '2019-11-14', '2019-11-16', '2019-11-14 01:41:12', '2019-11-14 01:41:12', b'0'),
(23, 3, NULL, NULL, 'SHIMOLIN', '68200ae2c0e3ccbbf3c7a7fbbecfce43', 'M Shimolin', NULL, 'RAMESH', '1992-06-02', 2, NULL, NULL, NULL, NULL, NULL, NULL, '1478523690', NULL, NULL, 'test@gmail.com', NULL, NULL, 2, NULL, NULL, '2019-11-19 01:22:58', '2019-11-19 01:22:58', b'0'),
(24, 3, NULL, NULL, 'Priscilla', 'd491ec5a67d1afaa0cca54408845d0ea', 'PACKIA ANNA', NULL, 'PRISCILLA', '1976-10-26', 2, NULL, NULL, NULL, NULL, NULL, NULL, '1478523690', NULL, NULL, 'test@gmail.com', NULL, NULL, 2, NULL, NULL, '2019-11-19 01:30:49', '2019-11-19 01:30:49', b'0'),
(25, 3, NULL, NULL, 'Madhu', '0b7afda982f3c14e4f74c5d01c662da7', 'Madhu', NULL, 'Basavaraj', '1990-05-03', 2, NULL, NULL, NULL, NULL, NULL, NULL, '1478523690', NULL, NULL, 'test@gmail.com', NULL, NULL, 2, NULL, NULL, '2019-11-19 01:35:22', '2019-11-19 01:35:22', b'0'),
(26, 3, NULL, NULL, 'arun', 'a10372605b860035a32286c3fa356e8e', 'ARUN', NULL, 'ASHOK KUMAR SHYAMALA', '1988-12-30', 1, NULL, NULL, NULL, NULL, NULL, NULL, '1478523690', NULL, NULL, 'test@gmail.com', NULL, NULL, 2, NULL, NULL, '2019-11-19 01:40:13', '2019-11-19 01:40:13', b'0'),
(27, 3, NULL, NULL, 'john', '12d44e230f7e12f1c9f28a3b3a726d7d', 'John', NULL, 'Aicy', '1991-03-06', 1, NULL, NULL, NULL, NULL, NULL, NULL, '1478523690', NULL, NULL, 'test@gmail.com', NULL, NULL, 2, NULL, NULL, '2019-11-19 01:46:47', '2019-11-19 01:46:47', b'0'),
(28, 3, NULL, NULL, 'bibin', 'f313d5a2c40f7cfb558c68ab9e763ebd', 'Bibin', NULL, 'Babu John', '1989-06-23', 1, NULL, NULL, NULL, NULL, NULL, NULL, '1478523690', NULL, NULL, 'test@gmail.com', NULL, NULL, 2, NULL, NULL, '2019-11-19 01:48:49', '2019-11-19 01:48:49', b'0'),
(29, 3, NULL, NULL, 'guest1', 'ec04eaaee266dbaffd1e8fedc44cd670', 'Dr Nataraj', NULL, NULL, NULL, 1, NULL, NULL, NULL, NULL, NULL, NULL, '1478523690', NULL, NULL, 'test@gmail.com', NULL, NULL, 2, NULL, NULL, '2019-11-20 21:44:33', '2019-11-20 21:44:33', b'0'),
(30, 3, NULL, NULL, 'guest2', 'ec04eaaee266dbaffd1e8fedc44cd670', 'Dr Gangaboraiah', NULL, NULL, NULL, 1, NULL, NULL, NULL, NULL, NULL, NULL, '1478523690', NULL, NULL, NULL, NULL, NULL, 2, NULL, NULL, '2019-11-20 21:51:37', '2019-11-20 21:51:37', b'0'),
(31, 3, NULL, NULL, 'guest3', 'ec04eaaee266dbaffd1e8fedc44cd670', 'Dr Shankar', NULL, NULL, NULL, 1, NULL, NULL, NULL, NULL, NULL, NULL, '1478523690', NULL, NULL, NULL, NULL, NULL, 2, NULL, NULL, '2019-11-20 21:51:38', '2019-11-20 21:51:38', b'0'),
(32, 3, NULL, NULL, 'guest4', 'ec04eaaee266dbaffd1e8fedc44cd670', 'Dr Sasidhar', NULL, NULL, NULL, 1, NULL, NULL, NULL, NULL, NULL, NULL, '1478523690', NULL, NULL, NULL, NULL, NULL, 2, NULL, NULL, '2019-11-20 21:51:38', '2019-11-20 21:51:38', b'0'),
(33, 3, NULL, NULL, 'guest5', 'ec04eaaee266dbaffd1e8fedc44cd670', 'Dr Arunraj', NULL, NULL, NULL, 1, NULL, NULL, NULL, NULL, NULL, NULL, '1478523690', NULL, NULL, NULL, NULL, NULL, 2, NULL, NULL, '2019-11-20 21:51:39', '2019-11-20 21:51:39', b'0'),
(34, 7, '985713', NULL, 'roopa96', '598013f5d1f1d2fdbfb43a7251fdb3a0', 'roopa', '', 'balakrishna', '1996-01-29', 2, NULL, NULL, 'IMG_20190809_140345_(3).jpg', NULL, NULL, '', '1478523690', '', '', 'test@gmail.com', 7, 10023, 2, '2019-12-04', '0000-00-00', '2019-12-03 21:41:35', '2019-12-03 21:41:35', b'1'),
(35, 3, NULL, NULL, 'ratna143', '1eaa601c70a595d2465bcef3a8ed6e9b', 'nagaratna', NULL, 'maddaraki', '1988-03-12', 2, NULL, NULL, NULL, NULL, NULL, NULL, '1478523690', NULL, NULL, 'test@gmail.com', NULL, NULL, 2, NULL, NULL, '2019-12-04 03:41:17', '2019-12-04 03:41:17', b'0'),
(36, 2, NULL, NULL, 'abidit.b', '4bc48e00300464d2670958ab3c8982ea', 'ABIDIT BASUMATARY', NULL, NULL, NULL, 1, 1, NULL, NULL, NULL, NULL, NULL, NULL, NULL, NULL, NULL, NULL, NULL, 3, NULL, NULL, '2019-12-30 08:37:37', '2019-12-30 08:37:37', b'0'),
(37, 2, NULL, NULL, 'aiswraya.s', '4bc48e00300464d2670958ab3c8982ea', 'AISWARYA SUNIL', NULL, NULL, NULL, 2, 1, NULL, NULL, NULL, NULL, NULL, NULL, NULL, NULL, NULL, NULL, NULL, 3, NULL, NULL, '2019-12-30 08:37:37', '2019-12-30 08:37:37', b'0'),
(38, 2, NULL, NULL, 'amal.f', '4bc48e00300464d2670958ab3c8982ea', 'AMAL FRANCIS', NULL, NULL, NULL, 1, 3, NULL, NULL, NULL, NULL, NULL, NULL, NULL, NULL, NULL, NULL, NULL, 3, NULL, NULL, '2019-12-30 08:37:37', '2019-12-30 08:37:37', b'1'),
(39, 2, NULL, NULL, 'anita.d', '4bc48e00300464d2670958ab3c8982ea', 'ANITA DAS', NULL, NULL, NULL, 2, 1, NULL, NULL, NULL, NULL, NULL, NULL, NULL, NULL, NULL, NULL, NULL, 3, NULL, NULL, '2019-12-30 08:37:37', '2019-12-30 08:37:37', b'0'),
(40, 2, NULL, NULL, 'aparna.ka', '4bc48e00300464d2670958ab3c8982ea', 'APARNA K A', NULL, NULL, NULL, 2, 5, NULL, NULL, NULL, NULL, NULL, NULL, NULL, NULL, NULL, NULL, NULL, 3, NULL, NULL, '2019-12-30 08:37:37', '2019-12-30 08:37:37', b'0'),
(41, 2, NULL, NULL, 'ashik.d', '4bc48e00300464d2670958ab3c8982ea', 'ASHIK DAIMARI', NULL, NULL, NULL, 1, 5, NULL, NULL, NULL, NULL, NULL, NULL, NULL, NULL, NULL, NULL, NULL, 3, NULL, NULL, '2019-12-30 08:37:37', '2019-12-30 08:37:37', b'0'),
(42, 2, NULL, NULL, 'ashique.b', '4bc48e00300464d2670958ab3c8982ea', 'ASHIQUE BIJU', NULL, NULL, NULL, 1, 1, NULL, NULL, NULL, NULL, NULL, NULL, NULL, NULL, NULL, NULL, NULL, 3, NULL, NULL, '2019-12-30 08:37:37', '2019-12-30 08:37:37', b'0'),
(43, 2, NULL, NULL, 'ayan.k', '4bc48e00300464d2670958ab3c8982ea', 'AYAN KUMAR MONDAL', NULL, NULL, NULL, 1, 3, NULL, NULL, NULL, NULL, NULL, NULL, NULL, NULL, NULL, NULL, NULL, 3, NULL, NULL, '2019-12-30 08:37:37', '2019-12-30 08:37:37', b'0'),
(44, 2, NULL, NULL, 'bhagya.o', '4bc48e00300464d2670958ab3c8982ea', 'BHAGYA OMANAKUTTAN', NULL, NULL, NULL, 2, 1, NULL, NULL, NULL, NULL, NULL, NULL, NULL, NULL, NULL, NULL, NULL, 3, NULL, NULL, '2019-12-30 08:37:37', '2019-12-30 08:37:37', b'0'),
(45, 2, NULL, NULL, 'bibek.p', '4bc48e00300464d2670958ab3c8982ea', 'BIBEK PAL', NULL, NULL, NULL, 1, 6, NULL, NULL, NULL, NULL, NULL, NULL, NULL, NULL, NULL, NULL, NULL, 3, NULL, NULL, '2019-12-30 08:37:37', '2019-12-30 08:37:37', b'0'),
(46, 2, NULL, NULL, 'lipika', '4bc48e00300464d2670958ab3c8982ea', 'LIPIKA', NULL, NULL, NULL, 2, 3, NULL, NULL, NULL, NULL, NULL, NULL, NULL, NULL, NULL, NULL, NULL, 3, NULL, NULL, '2019-12-30 08:37:37', '2019-12-30 08:37:37', b'0'),
(47, 2, NULL, NULL, 'chayan.m', '4bc48e00300464d2670958ab3c8982ea', 'CHAYAN MONDAL', NULL, NULL, NULL, 1, 1, NULL, NULL, NULL, NULL, NULL, NULL, NULL, NULL, NULL, NULL, NULL, 3, NULL, NULL, '2019-12-30 08:37:38', '2019-12-30 08:37:38', b'0'),
(48, 2, NULL, NULL, 'dayana.a', '4bc48e00300464d2670958ab3c8982ea', 'DAYANA ANJALI', NULL, NULL, NULL, 2, 5, NULL, NULL, NULL, NULL, NULL, NULL, NULL, NULL, NULL, NULL, NULL, 3, NULL, NULL, '2019-12-30 08:37:38', '2019-12-30 08:37:38', b'0'),
(49, 2, NULL, NULL, 'dibyendu.b', '4bc48e00300464d2670958ab3c8982ea', 'DIBYENDU BIKASH PAL', NULL, NULL, NULL, 1, 5, NULL, NULL, NULL, NULL, NULL, NULL, NULL, NULL, NULL, NULL, NULL, 3, NULL, NULL, '2019-12-30 08:37:38', '2019-12-30 08:37:38', b'0'),
(50, 2, NULL, NULL, 'jayasree.j', '4bc48e00300464d2670958ab3c8982ea', 'JAYASREE JAYARAM', NULL, NULL, NULL, 2, 3, NULL, NULL, NULL, NULL, NULL, NULL, NULL, NULL, NULL, NULL, NULL, 3, NULL, NULL, '2019-12-30 08:37:38', '2019-12-30 08:37:38', b'0'),
(51, 2, NULL, NULL, 'kaif.a', '4bc48e00300464d2670958ab3c8982ea', 'KAIF ALI BISWAS', NULL, NULL, NULL, 1, 5, NULL, NULL, NULL, NULL, NULL, NULL, NULL, NULL, NULL, NULL, NULL, 3, NULL, NULL, '2019-12-30 08:37:38', '2019-12-30 08:37:38', b'0'),
(52, 2, NULL, NULL, 'keya.s', '4bc48e00300464d2670958ab3c8982ea', 'KEYA SARKAR', NULL, NULL, NULL, 2, 5, NULL, NULL, NULL, NULL, NULL, NULL, NULL, NULL, NULL, NULL, NULL, 3, NULL, NULL, '2019-12-30 08:37:38', '2019-12-30 08:37:38', b'0'),
(53, 2, NULL, NULL, 'mandira.m', '4bc48e00300464d2670958ab3c8982ea', 'MANDIRA MAJI', NULL, NULL, NULL, 2, 5, NULL, NULL, NULL, NULL, NULL, NULL, NULL, NULL, NULL, NULL, NULL, 3, NULL, NULL, '2019-12-30 08:37:38', '2019-12-30 08:37:38', b'0'),
(54, 2, NULL, NULL, 'moumita.b', '4bc48e00300464d2670958ab3c8982ea', 'MOUMITA BHUNIA', NULL, NULL, NULL, 2, 3, NULL, NULL, NULL, NULL, NULL, NULL, NULL, NULL, NULL, NULL, NULL, 3, NULL, NULL, '2019-12-30 08:37:38', '2019-12-30 08:37:38', b'0'),
(55, 2, NULL, NULL, 'moumita.g', '4bc48e00300464d2670958ab3c8982ea', 'MOUMITA GHOSH', NULL, NULL, NULL, 2, 3, NULL, NULL, NULL, NULL, NULL, NULL, NULL, NULL, NULL, NULL, NULL, 3, NULL, NULL, '2019-12-30 08:37:38', '2019-12-30 08:37:38', b'0'),
(56, 2, NULL, NULL, 'nevin.h', '4bc48e00300464d2670958ab3c8982ea', 'NEVIN HARISON', NULL, NULL, NULL, 1, 1, NULL, NULL, NULL, NULL, NULL, NULL, NULL, NULL, NULL, NULL, NULL, 3, NULL, NULL, '2019-12-30 08:37:38', '2019-12-30 08:37:38', b'0'),
(57, 2, NULL, NULL, 'pawanjot.k', '4bc48e00300464d2670958ab3c8982ea', 'PAWANJOT KAUR', NULL, NULL, NULL, 2, 5, NULL, NULL, NULL, NULL, NULL, NULL, NULL, NULL, NULL, NULL, NULL, 3, NULL, NULL, '2019-12-30 08:37:38', '2019-12-30 08:37:38', b'0'),
(58, 2, NULL, NULL, 'ruban.m', '4bc48e00300464d2670958ab3c8982ea', 'RUBAN M', NULL, NULL, NULL, 1, 5, NULL, NULL, NULL, NULL, NULL, NULL, NULL, NULL, NULL, NULL, NULL, 3, NULL, NULL, '2019-12-30 08:37:38', '2019-12-30 08:37:38', b'0'),
(59, 2, NULL, NULL, 'prithwiraj.m', '4bc48e00300464d2670958ab3c8982ea', 'PRITHWIRAJ MALLIK', NULL, NULL, NULL, 1, 3, NULL, NULL, NULL, NULL, NULL, NULL, NULL, NULL, NULL, NULL, NULL, 3, NULL, NULL, '2019-12-30 08:37:38', '2019-12-30 08:37:38', b'0'),
(60, 2, NULL, NULL, 'rejoice.s', '4bc48e00300464d2670958ab3c8982ea', 'REJOICE SWARGIARI', NULL, NULL, NULL, 1, 1, NULL, NULL, NULL, NULL, NULL, NULL, NULL, NULL, NULL, NULL, NULL, 3, NULL, NULL, '2019-12-30 08:37:38', '2019-12-30 08:37:38', b'0'),
(61, 2, NULL, NULL, 'rini.k', '4bc48e00300464d2670958ab3c8982ea', 'RINI K M', NULL, NULL, NULL, 2, 5, NULL, NULL, NULL, NULL, NULL, NULL, NULL, NULL, NULL, NULL, NULL, 3, NULL, NULL, '2019-12-30 08:37:39', '2019-12-30 08:37:39', b'0'),
(62, 2, NULL, NULL, 'sakimuddin.k', '4bc48e00300464d2670958ab3c8982ea', 'SAKIMUDDIN KHAN', NULL, NULL, NULL, 1, 5, NULL, NULL, NULL, NULL, NULL, NULL, NULL, NULL, NULL, NULL, NULL, 3, NULL, NULL, '2019-12-30 08:37:39', '2019-12-30 08:37:39', b'0'),
(63, 2, NULL, NULL, 'santunu.j', '4bc48e00300464d2670958ab3c8982ea', 'SANTUNU JANA', NULL, NULL, NULL, 1, 5, NULL, NULL, NULL, NULL, NULL, NULL, NULL, NULL, NULL, NULL, NULL, 3, NULL, NULL, '2019-12-30 08:37:39', '2019-12-30 08:37:39', b'0'),
(64, 2, NULL, NULL, 'saptadip.m', '4bc48e00300464d2670958ab3c8982ea', 'SAPTADIP MAJI', NULL, NULL, NULL, 1, 3, NULL, NULL, NULL, NULL, NULL, NULL, NULL, NULL, NULL, NULL, NULL, 3, NULL, NULL, '2019-12-30 08:37:39', '2019-12-30 08:37:39', b'0'),
(65, 2, NULL, NULL, 'sayak.d', '4bc48e00300464d2670958ab3c8982ea', 'SAYAK DEBNATH', NULL, NULL, NULL, 1, 3, NULL, NULL, NULL, NULL, NULL, NULL, NULL, NULL, NULL, NULL, NULL, 3, NULL, NULL, '2019-12-30 08:37:39', '2019-12-30 08:37:39', b'0'),
(66, 2, NULL, NULL, 'sayani.j', '4bc48e00300464d2670958ab3c8982ea', 'SAYANI JANA', NULL, NULL, NULL, 2, 5, NULL, NULL, NULL, NULL, NULL, NULL, NULL, NULL, NULL, NULL, NULL, 3, NULL, NULL, '2019-12-30 08:37:39', '2019-12-30 08:37:39', b'0'),
(67, 2, NULL, NULL, 'sayantani.d', '4bc48e00300464d2670958ab3c8982ea', 'SAYANTANI DUTTA', NULL, NULL, NULL, 2, 5, NULL, NULL, NULL, NULL, NULL, NULL, NULL, NULL, NULL, NULL, NULL, 3, NULL, NULL, '2019-12-30 08:37:39', '2019-12-30 08:37:39', b'0'),
(68, 2, NULL, NULL, 'shantanu.m', '4bc48e00300464d2670958ab3c8982ea', 'SHANTANU MONDOL', NULL, NULL, NULL, 1, 3, NULL, NULL, NULL, NULL, NULL, NULL, NULL, NULL, NULL, NULL, NULL, 3, NULL, NULL, '2019-12-30 08:37:39', '2019-12-30 08:37:39', b'0'),
(69, 2, NULL, NULL, 'sneha.s', '4bc48e00300464d2670958ab3c8982ea', 'SNEHA SAJI', NULL, NULL, NULL, 2, 5, NULL, NULL, NULL, NULL, NULL, NULL, NULL, NULL, NULL, NULL, NULL, 3, NULL, NULL, '2019-12-30 08:37:39', '2019-12-30 08:37:39', b'0'),
(70, 2, NULL, NULL, 'soumyadip.m', '4bc48e00300464d2670958ab3c8982ea', 'SOUMYADIP MAITY', NULL, NULL, NULL, 1, 4, NULL, NULL, NULL, NULL, NULL, NULL, NULL, NULL, NULL, NULL, NULL, 3, NULL, NULL, '2019-12-30 08:37:39', '2019-12-30 08:37:39', b'0'),
(71, 2, NULL, NULL, 'sourav.g', '4bc48e00300464d2670958ab3c8982ea', 'SOURAV GIRI', NULL, NULL, NULL, 1, 5, NULL, NULL, NULL, NULL, NULL, NULL, NULL, NULL, NULL, NULL, NULL, 3, NULL, NULL, '2019-12-30 08:37:39', '2019-12-30 08:37:39', b'0'),
(72, 2, NULL, NULL, 'souvik.g', '4bc48e00300464d2670958ab3c8982ea', 'SOUVIK GUCHHAIT', NULL, NULL, NULL, 1, 3, NULL, NULL, NULL, NULL, NULL, NULL, NULL, NULL, NULL, NULL, NULL, 3, NULL, NULL, '2019-12-30 08:37:39', '2019-12-30 08:37:39', b'0'),
(73, 2, NULL, NULL, 'sreelakshmi.k', '4bc48e00300464d2670958ab3c8982ea', 'SREELAKSHMI K. M.', NULL, NULL, NULL, 2, 3, NULL, NULL, NULL, NULL, NULL, NULL, NULL, NULL, NULL, NULL, NULL, 3, NULL, NULL, '2019-12-30 08:37:39', '2019-12-30 08:37:39', b'0'),
(74, 2, NULL, NULL, 'tonagam.t', '4bc48e00300464d2670958ab3c8982ea', 'TONGAM TAO', NULL, NULL, NULL, 2, 5, NULL, NULL, NULL, NULL, NULL, NULL, NULL, NULL, NULL, NULL, NULL, 3, NULL, NULL, '2019-12-30 08:37:39', '2019-12-30 08:37:39', b'0'),
(75, 2, NULL, NULL, 'vikash.b', '4bc48e00300464d2670958ab3c8982ea', 'VIKASH B', NULL, NULL, NULL, 1, 3, NULL, NULL, NULL, NULL, NULL, NULL, NULL, NULL, NULL, NULL, NULL, 3, NULL, NULL, '2019-12-30 08:37:39', '2019-12-30 08:37:39', b'0'),
(76, 2, NULL, NULL, 'tejal.r', '4bc48e00300464d2670958ab3c8982ea', 'TEJAL R', NULL, NULL, NULL, 2, 1, NULL, NULL, NULL, NULL, NULL, NULL, NULL, NULL, NULL, NULL, NULL, 3, NULL, NULL, '2019-12-30 08:37:39', '2019-12-30 08:37:39', b'0'),
(77, 2, NULL, NULL, 'laishram.s', '4bc48e00300464d2670958ab3c8982ea', 'LAISHRAM SANCHIND SINGH', NULL, NULL, NULL, 1, 3, NULL, NULL, NULL, NULL, NULL, NULL, NULL, NULL, NULL, NULL, NULL, 3, NULL, NULL, '2019-12-30 08:37:39', '2019-12-30 08:37:39', b'0'),
(78, 2, NULL, NULL, 'amanda.s', '4bc48e00300464d2670958ab3c8982ea', 'AMANDA S', NULL, NULL, NULL, 2, 5, NULL, NULL, NULL, NULL, NULL, NULL, NULL, NULL, NULL, NULL, NULL, 3, NULL, NULL, '2019-12-30 08:37:40', '2019-12-30 08:37:40', b'0'),
(79, 2, NULL, NULL, 'sourav.pal', '4bc48e00300464d2670958ab3c8982ea', 'SOURAV PAL', NULL, NULL, NULL, 1, 3, NULL, NULL, NULL, NULL, NULL, NULL, NULL, NULL, NULL, NULL, NULL, 3, NULL, NULL, '2019-12-30 08:37:40', '2019-12-30 08:37:40', b'0'),
(80, 2, NULL, NULL, 'prahlada.h', '4bc48e00300464d2670958ab3c8982ea', 'H PRAHLADA', NULL, NULL, NULL, 1, 5, NULL, NULL, NULL, NULL, NULL, NULL, NULL, NULL, NULL, NULL, NULL, 3, NULL, NULL, '2019-12-30 08:37:40', '2019-12-30 08:37:40', b'0'),
(81, 2, NULL, NULL, 'sandeep.l', '4bc48e00300464d2670958ab3c8982ea', 'L C SANDEEP', NULL, NULL, NULL, 1, 5, NULL, NULL, NULL, NULL, NULL, NULL, NULL, NULL, NULL, NULL, NULL, 3, NULL, NULL, '2019-12-30 08:37:40', '2019-12-30 08:37:40', b'0'),
(82, 2, NULL, NULL, 'girade.r', '4bc48e00300464d2670958ab3c8982ea', 'GIRADE RAGHAVENDRA CHANDRAM', NULL, NULL, NULL, 2, 5, NULL, NULL, NULL, NULL, NULL, NULL, NULL, NULL, NULL, NULL, NULL, 3, NULL, NULL, '2019-12-30 08:37:40', '2019-12-30 08:37:40', b'0'),
(83, 2, NULL, NULL, 'harshitha.a', '4bc48e00300464d2670958ab3c8982ea', 'HARSHITHA A', NULL, NULL, NULL, 2, 5, NULL, NULL, NULL, NULL, NULL, NULL, NULL, NULL, NULL, NULL, NULL, 3, NULL, NULL, '2019-12-30 08:37:40', '2019-12-30 08:37:40', b'0'),
(84, 2, NULL, NULL, 'sayan.g', '4bc48e00300464d2670958ab3c8982ea', 'SAYAN GHOSH', NULL, NULL, NULL, 1, 5, NULL, NULL, NULL, NULL, NULL, NULL, NULL, NULL, NULL, NULL, NULL, 3, NULL, NULL, '2019-12-30 08:37:40', '2019-12-30 08:37:40', b'0'),
(85, 2, NULL, NULL, 'atanu.g', '4bc48e00300464d2670958ab3c8982ea', 'ATANU GIRI', NULL, NULL, NULL, 1, 5, NULL, NULL, NULL, NULL, NULL, NULL, NULL, NULL, NULL, NULL, NULL, 3, NULL, NULL, '2019-12-30 08:37:40', '2019-12-30 08:37:40', b'0'),
(86, 2, NULL, NULL, 'sourav.n', '4bc48e00300464d2670958ab3c8982ea', 'SOURAV NANDI', NULL, NULL, NULL, 1, 3, NULL, NULL, NULL, NULL, NULL, NULL, NULL, NULL, NULL, NULL, NULL, 3, NULL, NULL, '2019-12-30 08:37:41', '2019-12-30 08:37:41', b'0'),
(88, 2, NULL, NULL, 'sayan.gh', '4bc48e00300464d2670958ab3c8982ea', 'SAYAN GHORUI', NULL, NULL, NULL, 1, 5, NULL, NULL, NULL, NULL, NULL, NULL, NULL, NULL, NULL, NULL, NULL, 3, NULL, NULL, '2019-12-30 08:40:52', '2019-12-30 08:40:52', b'0'),
(89, 2, NULL, NULL, 'sanjana.d', '4bc48e00300464d2670958ab3c8982ea', 'SANJANA DEY', NULL, NULL, NULL, 2, 3, NULL, NULL, NULL, NULL, NULL, NULL, NULL, NULL, NULL, NULL, NULL, 3, NULL, NULL, '2019-12-30 08:40:52', '2019-12-30 08:40:52', b'0'),
(90, 2, NULL, NULL, 'dilna.k', '4bc48e00300464d2670958ab3c8982ea', 'DILNA K S', NULL, NULL, NULL, 2, 5, NULL, NULL, NULL, NULL, NULL, NULL, NULL, NULL, NULL, NULL, NULL, 3, NULL, NULL, '2019-12-30 08:40:52', '2019-12-30 08:40:52', b'0'),
(91, 2, NULL, NULL, 'suravi.d', '4bc48e00300464d2670958ab3c8982ea', 'SURAVI DOLAI', NULL, NULL, NULL, 2, 3, NULL, NULL, NULL, NULL, NULL, NULL, NULL, NULL, NULL, NULL, NULL, 3, NULL, NULL, '2019-12-30 08:40:52', '2019-12-30 08:40:52', b'0'),
(92, 2, NULL, NULL, 'jesmin.p', '4bc48e00300464d2670958ab3c8982ea', 'JESMIN PARVEEN', NULL, NULL, NULL, 2, 5, NULL, NULL, NULL, NULL, NULL, NULL, NULL, NULL, NULL, NULL, NULL, 3, NULL, NULL, '2019-12-30 08:40:52', '2019-12-30 08:40:52', b'0'),
(93, 2, NULL, NULL, 'sayan.d', '4bc48e00300464d2670958ab3c8982ea', 'SAYAN DUTTA', NULL, NULL, NULL, 1, 7, NULL, NULL, NULL, NULL, NULL, NULL, NULL, NULL, NULL, NULL, NULL, 3, NULL, NULL, '2019-12-30 08:40:52', '2019-12-30 08:40:52', b'0'),
(94, 2, NULL, NULL, 'ankita.m', '4bc48e00300464d2670958ab3c8982ea', 'ANKITA METYA', NULL, NULL, NULL, 2, 1, NULL, NULL, NULL, NULL, NULL, NULL, NULL, NULL, NULL, NULL, NULL, 3, NULL, NULL, '2019-12-30 08:40:52', '2019-12-30 08:40:52', b'0'),
(95, 2, NULL, NULL, 'deepanwita.m', '4bc48e00300464d2670958ab3c8982ea', 'DEEPANWITA MAJI', NULL, NULL, NULL, 2, 5, NULL, NULL, NULL, NULL, NULL, NULL, NULL, NULL, NULL, NULL, NULL, 3, NULL, NULL, '2019-12-30 08:40:52', '2019-12-30 08:40:52', b'0'),
(96, 2, NULL, NULL, 'dipannita.m', '4bc48e00300464d2670958ab3c8982ea', 'DIPANNITA MONDAL', NULL, NULL, NULL, 2, 3, NULL, NULL, NULL, NULL, NULL, NULL, NULL, NULL, NULL, NULL, NULL, 3, NULL, NULL, '2019-12-30 08:40:52', '2019-12-30 08:40:52', b'0'),
(97, 2, NULL, NULL, 'nuri.k', '4bc48e00300464d2670958ab3c8982ea', 'NURI KHATUN', NULL, NULL, NULL, 2, 5, NULL, NULL, NULL, NULL, NULL, NULL, NULL, NULL, NULL, NULL, NULL, 3, NULL, NULL, '2019-12-30 08:40:52', '2019-12-30 08:40:52', b'0'),
(98, 2, NULL, NULL, 'ananya.b', '4bc48e00300464d2670958ab3c8982ea', 'ANANYA BAKSHI', NULL, NULL, NULL, 2, 3, NULL, NULL, NULL, NULL, NULL, NULL, NULL, NULL, NULL, NULL, NULL, 3, NULL, NULL, '2019-12-30 08:40:53', '2019-12-30 08:40:53', b'0'),
(99, 2, NULL, NULL, 'rejesh.p', '4bc48e00300464d2670958ab3c8982ea', 'RAJESH PANDIT', NULL, NULL, NULL, 1, 3, NULL, NULL, NULL, NULL, NULL, NULL, NULL, NULL, NULL, NULL, NULL, 3, NULL, NULL, '2019-12-30 08:40:53', '2019-12-30 08:40:53', b'0'),
(100, 2, NULL, NULL, 'bidisha', '4bc48e00300464d2670958ab3c8982ea', 'BIDISHA KOLEY', NULL, NULL, NULL, 2, 3, NULL, NULL, NULL, NULL, NULL, NULL, NULL, NULL, NULL, NULL, NULL, 3, NULL, NULL, '2019-12-30 08:40:53', '2019-12-30 08:40:53', b'0'),
(101, 2, NULL, NULL, 'ivedas', '4bc48e00300464d2670958ab3c8982ea', 'IVE DAS', NULL, NULL, NULL, 2, 7, NULL, NULL, NULL, NULL, NULL, NULL, NULL, NULL, NULL, NULL, NULL, 3, NULL, NULL, '2019-12-30 08:40:53', '2019-12-30 08:40:53', b'0'),
(102, 2, NULL, NULL, 'souvik.k', '4bc48e00300464d2670958ab3c8982ea', 'SOUVIK KAR', NULL, NULL, NULL, 1, 3, NULL, NULL, NULL, NULL, NULL, NULL, NULL, NULL, NULL, NULL, NULL, 3, NULL, NULL, '2019-12-30 08:40:53', '2019-12-30 08:40:53', b'0'),
(103, 2, NULL, NULL, 'soumyajit.d', '4bc48e00300464d2670958ab3c8982ea', 'SOUMYAJIT DEY', NULL, NULL, NULL, 1, 5, NULL, NULL, NULL, NULL, NULL, NULL, NULL, NULL, NULL, NULL, NULL, 3, NULL, NULL, '2019-12-30 08:40:53', '2019-12-30 08:40:53', b'0'),
(104, 2, NULL, NULL, 'asish.k', '4bc48e00300464d2670958ab3c8982ea', 'ASISH KUMAR HAZRA', NULL, NULL, NULL, 1, 5, NULL, NULL, NULL, NULL, NULL, NULL, NULL, NULL, NULL, NULL, NULL, 3, NULL, NULL, '2019-12-30 08:40:53', '2019-12-30 08:40:53', b'0'),
(105, 2, NULL, NULL, 'anjali.k', '4bc48e00300464d2670958ab3c8982ea', 'ANJALI KARKI', NULL, NULL, NULL, 2, 5, NULL, NULL, NULL, NULL, NULL, NULL, NULL, NULL, NULL, NULL, NULL, 3, NULL, NULL, '2019-12-30 08:40:53', '2019-12-30 08:40:53', b'0'),
(106, 2, NULL, NULL, 'subham.b', '4bc48e00300464d2670958ab3c8982ea', 'SUBHAM BHATTACHARYA', NULL, NULL, NULL, 1, 3, NULL, NULL, NULL, NULL, NULL, NULL, NULL, NULL, NULL, NULL, NULL, 3, NULL, NULL, '2019-12-30 08:40:53', '2019-12-30 08:40:53', b'0'),
(107, 2, NULL, NULL, 'pragati.s', '4bc48e00300464d2670958ab3c8982ea', 'PRAGATI SEAL', NULL, NULL, NULL, 1, 7, NULL, NULL, NULL, NULL, NULL, NULL, NULL, NULL, NULL, NULL, NULL, 3, NULL, NULL, '2019-12-30 08:40:53', '2019-12-30 08:40:53', b'0'),
(108, 2, NULL, NULL, 'dipika.s', '4bc48e00300464d2670958ab3c8982ea', 'DIPIKA SIL', NULL, NULL, NULL, 2, 1, NULL, NULL, NULL, NULL, NULL, NULL, NULL, NULL, NULL, NULL, NULL, 3, NULL, NULL, '2019-12-30 08:40:53', '2019-12-30 08:40:53', b'0'),
(109, 2, NULL, NULL, 'sanjukta.d', '4bc48e00300464d2670958ab3c8982ea', 'SANJUKTA DHARA', NULL, NULL, NULL, 2, 1, NULL, NULL, NULL, NULL, NULL, NULL, NULL, NULL, NULL, NULL, NULL, 3, NULL, NULL, '2019-12-30 08:40:54', '2019-12-30 08:40:54', b'0'),
(110, 2, NULL, NULL, 'riya.k', '4bc48e00300464d2670958ab3c8982ea', 'RIYA KHANRA', NULL, NULL, NULL, 2, 5, NULL, NULL, NULL, NULL, NULL, NULL, NULL, NULL, NULL, NULL, NULL, 3, NULL, NULL, '2019-12-30 08:40:54', '2019-12-30 08:40:54', b'0'),
(111, 2, NULL, NULL, 'papiya.m', '4bc48e00300464d2670958ab3c8982ea', 'PAPIYA MULA', NULL, NULL, NULL, 2, 3, NULL, NULL, NULL, NULL, NULL, NULL, NULL, NULL, NULL, NULL, NULL, 3, NULL, NULL, '2019-12-30 08:40:54', '2019-12-30 08:40:54', b'0'),
(112, 2, NULL, NULL, 'payel.t', '4bc48e00300464d2670958ab3c8982ea', 'PAYEL TRIPURA', NULL, NULL, NULL, 2, 3, NULL, NULL, NULL, NULL, NULL, NULL, NULL, NULL, NULL, NULL, NULL, 3, NULL, NULL, '2019-12-30 08:40:54', '2019-12-30 08:40:54', b'0'),
(113, 2, NULL, NULL, 'tanushri.h', '4bc48e00300464d2670958ab3c8982ea', 'TANUSHRI HAZRA', NULL, NULL, NULL, 2, 3, NULL, NULL, NULL, NULL, NULL, NULL, NULL, NULL, NULL, NULL, NULL, 3, NULL, NULL, '2019-12-30 08:40:54', '2019-12-30 08:40:54', b'0'),
(114, 2, NULL, NULL, 'jayshree.k', '4bc48e00300464d2670958ab3c8982ea', 'JAYSHREE KUMAR', NULL, NULL, NULL, 2, 5, NULL, NULL, NULL, NULL, NULL, NULL, NULL, NULL, NULL, NULL, NULL, 3, NULL, NULL, '2019-12-30 08:40:54', '2019-12-30 08:40:54', b'0'),
(115, 2, NULL, NULL, 'rishika.d', '4bc48e00300464d2670958ab3c8982ea', 'RISHIKA DE', NULL, NULL, NULL, 2, 1, NULL, NULL, NULL, NULL, NULL, NULL, NULL, NULL, NULL, NULL, NULL, 3, NULL, NULL, '2019-12-30 08:40:54', '2019-12-30 08:40:54', b'0'),
(116, 2, NULL, NULL, 'pramod.d', '4bc48e00300464d2670958ab3c8982ea', 'PRAMOD D DONI', NULL, NULL, NULL, 1, 5, NULL, NULL, NULL, NULL, NULL, NULL, NULL, NULL, NULL, NULL, NULL, 3, NULL, NULL, '2019-12-30 08:40:54', '2019-12-30 08:40:54', b'0');

-- --------------------------------------------------------

--
-- Table structure for table `user_course`
--

CREATE TABLE `user_course` (
  `user_course_id` int(11) NOT NULL,
  `user_id` int(11) NOT NULL,
  `course_batch_id` int(11) NOT NULL
) ENGINE=InnoDB DEFAULT CHARSET=utf8;

--
-- Dumping data for table `user_course`
--

INSERT INTO `user_course` (`user_course_id`, `user_id`, `course_batch_id`) VALUES
(1, 36, 8),
(2, 37, 8),
(3, 38, 8),
(4, 39, 8),
(5, 40, 8),
(6, 41, 8),
(7, 42, 8),
(8, 43, 8),
(9, 44, 8),
(10, 45, 8),
(11, 46, 8),
(12, 47, 8),
(13, 48, 8),
(14, 49, 8),
(15, 50, 8),
(16, 51, 8),
(17, 52, 8),
(18, 53, 8),
(19, 54, 8),
(20, 55, 8),
(21, 56, 8),
(22, 57, 8),
(23, 58, 8),
(24, 59, 8),
(25, 60, 8),
(26, 61, 8),
(27, 62, 8),
(28, 63, 8),
(29, 64, 8),
(30, 65, 8),
(31, 66, 8),
(32, 67, 8),
(33, 68, 8),
(34, 69, 8),
(35, 70, 8),
(36, 71, 8),
(37, 72, 8),
(38, 73, 8),
(39, 74, 8),
(40, 75, 8),
(41, 76, 8),
(42, 77, 8),
(43, 78, 8),
(44, 79, 8),
(45, 80, 8),
(46, 81, 8),
(47, 82, 8),
(48, 83, 8),
(49, 84, 8),
(50, 85, 8),
(51, 86, 8),
(52, 88, 8),
(53, 89, 8),
(54, 90, 8),
(55, 91, 8),
(56, 92, 8),
(57, 93, 8),
(58, 94, 8),
(59, 95, 8),
(60, 96, 8),
(61, 97, 8),
(62, 98, 8),
(63, 99, 8),
(64, 100, 8),
(65, 101, 8),
(66, 102, 8),
(67, 103, 8),
(68, 104, 8),
(69, 105, 8),
(70, 106, 8),
(71, 107, 8),
(72, 108, 8),
(73, 109, 8),
(74, 110, 8),
(75, 111, 8),
(76, 112, 8),
(77, 113, 8),
(78, 114, 8),
(79, 115, 8),
(80, 116, 8);

-- --------------------------------------------------------

--
-- Table structure for table `user_type`
--

CREATE TABLE `user_type` (
  `user_type_id` int(11) NOT NULL,
  `type` varchar(45) NOT NULL
) ENGINE=InnoDB DEFAULT CHARSET=utf8;

--
-- Dumping data for table `user_type`
--

INSERT INTO `user_type` (`user_type_id`, `type`) VALUES
(1, 'Admin'),
(6, 'Administrative Staff'),
(7, 'IT Helpdesk'),
(4, 'Non-Teaching Staff'),
(5, 'Parent'),
(2, 'Student'),
(3, 'Teaching Staff');

--
-- Indexes for dumped tables
--

--
-- Indexes for table `attendance`
--
ALTER TABLE `attendance`
  ADD PRIMARY KEY (`attendance_id`),
  ADD UNIQUE KEY `id_UNIQUE` (`attendance_id`),
  ADD KEY `fk_leave_reason_type_id_idx` (`leave_reason_type_id`),
  ADD KEY `fk_attendance_user_id` (`user_id`);

--
-- Indexes for table `batch_year`
--
ALTER TABLE `batch_year`
  ADD PRIMARY KEY (`batch_year_id`),
  ADD UNIQUE KEY `batch_year_id_UNIQUE` (`batch_year_id`),
  ADD UNIQUE KEY `UQ_BATCH_YEAR` (`course_batch_id`,`end_date`,`start_date`),
  ADD KEY `fk_course_batch_id_idx` (`course_batch_id`),
  ADD KEY `fk_sem_syllabus_content_id_idx` (`syllabus_id`);

--
-- Indexes for table `blood_group`
--
ALTER TABLE `blood_group`
  ADD PRIMARY KEY (`blood_group_id`);

--
-- Indexes for table `ci_sessions`
--
ALTER TABLE `ci_sessions`
  ADD PRIMARY KEY (`id`,`ip_address`),
  ADD KEY `ci_sessions_timestamp` (`timestamp`);

--
-- Indexes for table `course`
--
ALTER TABLE `course`
  ADD PRIMARY KEY (`course_id`),
  ADD UNIQUE KEY `id_UNIQUE` (`course_id`),
  ADD UNIQUE KEY `UQ_COURSE_IDS` (`name`,`course_major_id`,`course_type_id`,`department_id`),
  ADD KEY `fk_course_major_id_idx` (`course_major_id`),
  ADD KEY `fk_course_type_id_idx` (`course_type_id`),
  ADD KEY `fk_course_dep_id_idx` (`department_id`);

--
-- Indexes for table `course_batch`
--
ALTER TABLE `course_batch`
  ADD PRIMARY KEY (`course_batch_id`),
  ADD UNIQUE KEY `uq_course_batch` (`course_id`,`section`,`start_date`,`end_date`),
  ADD KEY `fk_course_batch_idx` (`course_id`);

--
-- Indexes for table `course_major`
--
ALTER TABLE `course_major`
  ADD PRIMARY KEY (`course_major_id`),
  ADD UNIQUE KEY `course_major_id_UNIQUE` (`course_major_id`);

--
-- Indexes for table `course_type`
--
ALTER TABLE `course_type`
  ADD PRIMARY KEY (`course_type_id`),
  ADD UNIQUE KEY `course_type_id_UNIQUE` (`course_type_id`);

--
-- Indexes for table `gender`
--
ALTER TABLE `gender`
  ADD PRIMARY KEY (`id`),
  ADD UNIQUE KEY `id_UNIQUE` (`id`);

--
-- Indexes for table `leave_reason_type`
--
ALTER TABLE `leave_reason_type`
  ADD PRIMARY KEY (`leave_reason_type_id`);

--
-- Indexes for table `outstock`
--
ALTER TABLE `outstock`
  ADD PRIMARY KEY (`outstock_id`);

--
-- Indexes for table `outstock_item`
--
ALTER TABLE `outstock_item`
  ADD PRIMARY KEY (`outstock_item_id`);

--
-- Indexes for table `product`
--
ALTER TABLE `product`
  ADD PRIMARY KEY (`product_id`);

--
-- Indexes for table `product_category`
--
ALTER TABLE `product_category`
  ADD PRIMARY KEY (`category_id`);

--
-- Indexes for table `product_subcategory`
--
ALTER TABLE `product_subcategory`
  ADD PRIMARY KEY (`sub_category_id`);

--
-- Indexes for table `purchase`
--
ALTER TABLE `purchase`
  ADD PRIMARY KEY (`purchase_id`);

--
-- Indexes for table `purchase_item`
--
ALTER TABLE `purchase_item`
  ADD PRIMARY KEY (`purchase_item_id`);

--
-- Indexes for table `purpose`
--
ALTER TABLE `purpose`
  ADD PRIMARY KEY (`purpose_id`);

--
-- Indexes for table `role`
--
ALTER TABLE `role`
  ADD PRIMARY KEY (`role_id`),
  ADD UNIQUE KEY `role_name_UNIQUE` (`role_name`);

--
-- Indexes for table `subject`
--
ALTER TABLE `subject`
  ADD PRIMARY KEY (`subject_id`),
  ADD UNIQUE KEY `subject_id_UNIQUE` (`subject_id`),
  ADD UNIQUE KEY `UQ_SUBJECT` (`name`,`batch_year_id`,`type_id`),
  ADD KEY `fk_semester_id_idx` (`batch_year_id`),
  ADD KEY `fk_sub_type_id_idx` (`type_id`);

--
-- Indexes for table `subject_type`
--
ALTER TABLE `subject_type`
  ADD PRIMARY KEY (`subject_type_id`),
  ADD UNIQUE KEY `subject_type_name_UNIQUE` (`subject_type_name`);

--
-- Indexes for table `timetable`
--
ALTER TABLE `timetable`
  ADD PRIMARY KEY (`timetable_id`),
  ADD KEY `tt_course_batch_id_idx` (`course_batch_id`),
  ADD KEY `tt_semester_id_idx` (`batch_year_id`),
  ADD KEY `tt_timing_id_idx` (`timing_id`),
  ADD KEY `tt_faculty_dep_id_idx` (`faculty_dep_id`),
  ADD KEY `tt_faculty_id_idx` (`faculty_id`),
  ADD KEY `tt_subject_id_idx` (`subject_id`);

--
-- Indexes for table `timetable_timing`
--
ALTER TABLE `timetable_timing`
  ADD PRIMARY KEY (`timing_id`);

--
-- Indexes for table `user`
--
ALTER TABLE `user`
  ADD PRIMARY KEY (`user_id`),
  ADD UNIQUE KEY `username_UNIQUE` (`username`),
  ADD UNIQUE KEY `unique_id_UNIQUE` (`unique_id`);

--
-- Indexes for table `user_course`
--
ALTER TABLE `user_course`
  ADD PRIMARY KEY (`user_course_id`),
  ADD UNIQUE KEY `UQ_USER_COURSE_ID` (`user_id`,`course_batch_id`),
  ADD KEY `FK_USER_COURSE_USER_ID_idx` (`user_id`),
  ADD KEY `FK_USER_COURSE_COURSE_BATCH_ID_idx` (`course_batch_id`);

--
-- Indexes for table `user_type`
--
ALTER TABLE `user_type`
  ADD PRIMARY KEY (`user_type_id`),
  ADD UNIQUE KEY `user_type_id_UNIQUE` (`user_type_id`),
  ADD UNIQUE KEY `type_UNIQUE` (`type`);

--
-- AUTO_INCREMENT for dumped tables
--

--
-- AUTO_INCREMENT for table `attendance`
--
ALTER TABLE `attendance`
  MODIFY `attendance_id` int(11) NOT NULL AUTO_INCREMENT, AUTO_INCREMENT=241;

--
-- AUTO_INCREMENT for table `batch_year`
--
ALTER TABLE `batch_year`
  MODIFY `batch_year_id` int(11) NOT NULL AUTO_INCREMENT, AUTO_INCREMENT=59;

--
-- AUTO_INCREMENT for table `blood_group`
--
ALTER TABLE `blood_group`
  MODIFY `blood_group_id` int(11) NOT NULL AUTO_INCREMENT, AUTO_INCREMENT=9;

--
-- AUTO_INCREMENT for table `course`
--
ALTER TABLE `course`
  MODIFY `course_id` int(11) NOT NULL AUTO_INCREMENT, AUTO_INCREMENT=13;

--
-- AUTO_INCREMENT for table `course_batch`
--
ALTER TABLE `course_batch`
  MODIFY `course_batch_id` int(11) NOT NULL AUTO_INCREMENT, AUTO_INCREMENT=23;

--
-- AUTO_INCREMENT for table `course_major`
--
ALTER TABLE `course_major`
  MODIFY `course_major_id` int(11) NOT NULL AUTO_INCREMENT, AUTO_INCREMENT=6;

--
-- AUTO_INCREMENT for table `course_type`
--
ALTER TABLE `course_type`
  MODIFY `course_type_id` int(11) NOT NULL AUTO_INCREMENT, AUTO_INCREMENT=4;

--
-- AUTO_INCREMENT for table `gender`
--
ALTER TABLE `gender`
  MODIFY `id` int(11) NOT NULL AUTO_INCREMENT, AUTO_INCREMENT=3;

--
-- AUTO_INCREMENT for table `leave_reason_type`
--
ALTER TABLE `leave_reason_type`
  MODIFY `leave_reason_type_id` int(11) NOT NULL AUTO_INCREMENT, AUTO_INCREMENT=6;

--
-- AUTO_INCREMENT for table `outstock`
--
ALTER TABLE `outstock`
  MODIFY `outstock_id` int(11) NOT NULL AUTO_INCREMENT, AUTO_INCREMENT=6;

--
-- AUTO_INCREMENT for table `outstock_item`
--
ALTER TABLE `outstock_item`
  MODIFY `outstock_item_id` int(11) NOT NULL AUTO_INCREMENT, AUTO_INCREMENT=7;

--
-- AUTO_INCREMENT for table `product`
--
ALTER TABLE `product`
  MODIFY `product_id` int(11) NOT NULL AUTO_INCREMENT, AUTO_INCREMENT=7;

--
-- AUTO_INCREMENT for table `product_category`
--
ALTER TABLE `product_category`
  MODIFY `category_id` int(11) NOT NULL AUTO_INCREMENT, AUTO_INCREMENT=12;

--
-- AUTO_INCREMENT for table `product_subcategory`
--
ALTER TABLE `product_subcategory`
  MODIFY `sub_category_id` int(11) NOT NULL AUTO_INCREMENT, AUTO_INCREMENT=29;

--
-- AUTO_INCREMENT for table `purchase`
--
ALTER TABLE `purchase`
  MODIFY `purchase_id` int(11) NOT NULL AUTO_INCREMENT, AUTO_INCREMENT=49;

--
-- AUTO_INCREMENT for table `purchase_item`
--
ALTER TABLE `purchase_item`
  MODIFY `purchase_item_id` int(11) NOT NULL AUTO_INCREMENT, AUTO_INCREMENT=37;

--
-- AUTO_INCREMENT for table `purpose`
--
ALTER TABLE `purpose`
  MODIFY `purpose_id` int(11) NOT NULL AUTO_INCREMENT, AUTO_INCREMENT=3;

--
-- AUTO_INCREMENT for table `role`
--
ALTER TABLE `role`
  MODIFY `role_id` int(11) NOT NULL AUTO_INCREMENT, AUTO_INCREMENT=4;

--
-- AUTO_INCREMENT for table `subject`
--
ALTER TABLE `subject`
  MODIFY `subject_id` int(11) NOT NULL AUTO_INCREMENT, AUTO_INCREMENT=343;

--
-- AUTO_INCREMENT for table `subject_type`
--
ALTER TABLE `subject_type`
  MODIFY `subject_type_id` int(11) NOT NULL AUTO_INCREMENT, AUTO_INCREMENT=3;

--
-- AUTO_INCREMENT for table `timetable`
--
ALTER TABLE `timetable`
  MODIFY `timetable_id` int(11) NOT NULL AUTO_INCREMENT, AUTO_INCREMENT=99;

--
-- AUTO_INCREMENT for table `timetable_timing`
--
ALTER TABLE `timetable_timing`
  MODIFY `timing_id` int(11) NOT NULL AUTO_INCREMENT, AUTO_INCREMENT=15;

--
-- AUTO_INCREMENT for table `user`
--
ALTER TABLE `user`
  MODIFY `user_id` int(11) NOT NULL AUTO_INCREMENT, AUTO_INCREMENT=117;

--
-- AUTO_INCREMENT for table `user_course`
--
ALTER TABLE `user_course`
  MODIFY `user_course_id` int(11) NOT NULL AUTO_INCREMENT, AUTO_INCREMENT=81;

--
-- AUTO_INCREMENT for table `user_type`
--
ALTER TABLE `user_type`
  MODIFY `user_type_id` int(11) NOT NULL AUTO_INCREMENT, AUTO_INCREMENT=8;

--
-- Constraints for dumped tables
--

--
-- Constraints for table `attendance`
--
ALTER TABLE `attendance`
  ADD CONSTRAINT `fk_leave_reason_type_id` FOREIGN KEY (`leave_reason_type_id`) REFERENCES `leave_reason_type` (`leave_reason_type_id`) ON DELETE NO ACTION ON UPDATE NO ACTION;

--
-- Constraints for table `course`
--
ALTER TABLE `course`
  ADD CONSTRAINT `fk_course_dep_id` FOREIGN KEY (`department_id`) REFERENCES `course_department` (`department_id`) ON DELETE NO ACTION ON UPDATE NO ACTION,
  ADD CONSTRAINT `fk_course_major_id` FOREIGN KEY (`course_major_id`) REFERENCES `course_major` (`course_major_id`) ON DELETE NO ACTION ON UPDATE NO ACTION,
  ADD CONSTRAINT `fk_course_type_id` FOREIGN KEY (`course_type_id`) REFERENCES `course_type` (`course_type_id`) ON DELETE NO ACTION ON UPDATE NO ACTION;

--
-- Constraints for table `timetable`
--
ALTER TABLE `timetable`
  ADD CONSTRAINT `tt_faculty_id` FOREIGN KEY (`faculty_id`) REFERENCES `user` (`user_id`) ON DELETE NO ACTION ON UPDATE NO ACTION;
COMMIT;

/*!40101 SET CHARACTER_SET_CLIENT=@OLD_CHARACTER_SET_CLIENT */;
/*!40101 SET CHARACTER_SET_RESULTS=@OLD_CHARACTER_SET_RESULTS */;
/*!40101 SET COLLATION_CONNECTION=@OLD_COLLATION_CONNECTION */;
